Название университета,Регион,Субъект РФ,Город,Ведомство,Базовая часть,Спец. часть,Кандидат,Сайт,Ректор,Создание научно-образовательных центров  (ПП РФ №537),"Создание Научно-образовательных математических центров"" (Региональных математических центров)",Создание научных центров мирового уровня  (ПП РФ №538) по приоритетам научно-технологического развития РФ,Создание научных центров мирового уровня  (ПП РФ №538) - геномные исследования,Создание научных центров мирового уровня  (ПП РФ №538) - математические центры,"Программа повышения конкурентоспособности ведущих университетов среди среди ведущих мировых научно-образовательных центров (Проект ""5-100"")  (ПП РФ №211)","Программа ""Карбоновые полигоны""","Программа ""Стартап как диплом""",Развитие опорных университетов  (ПП РФ №811),"Присвоение категории ""Национальный исследовательский университет"" (ПП РФ №550)",Создание федеральных университетов (ПП РФ №716),Научно-исследовательская политика / Удельный вес финансового обеспечения университета от НИОКР в общих доходах университета за последний отчетный период,Научно-исследовательская политика / Общее число публикаций за период 2016-2020 (Scopus),Научно-исследовательская политика / Общее число цитирований за период 2016-2020 (Scopus),Научно-исследовательская политика / Число публикаций отнесенных к QI и QII (Scopus),Научно-исследовательская политика / Число публикаций типов «Article» и «Review» (Scopus),Образовательная политика / Численность обучающихся (очно) / Бюджет,Образовательная политика / Численность обучающихся (очно) / Контракт,Образовательная политика / Доля иностранных обучающихся (очно) / Иностранные граждане,Образовательная политика / Доля иностранных обучающихся (очно) / Граждане РФ,Образовательная политика / Средний балл ЕГЭ / Средний балл ЕГЭ – студенты (Бюджет),Образовательная политика / Средний балл ЕГЭ /  Средний балл ЕГЭ – студенты (Контракт),Образовательная политика / Численность обучающихся по уровням образования (очно) / Бакалавриат,Образовательная политика / Численность обучающихся по уровням образования (очно) / Специалитет,Образовательная политика / Численность обучающихся по уровням образования (очно) / Магистратура,Образовательная политика / Численность обучающихся по уровням образования (очно) / Кадры высшей квалификации,Образовательная политика /  Численность иностранных обучающихся по уровням образования на условиях общего приема (очно) / Бакалавриат,Образовательная политика /  Численность иностранных обучающихся по уровням образования на условиях общего приема (очно) / Специалитет,Образовательная политика /  Численность иностранных обучающихся по уровням образования на условиях общего приема (очно) / Кадры высшей квалификации ,Образовательная политика /  Численность иностранных обучающихся по уровням образования на условиях общего приема (очно) / Магистратура,Образовательная политика / Численность обучающихся по отраслям знаний (приведенный контингент) / Сельскохозяйственные науки,Образовательная политика / Численность обучающихся по отраслям знаний (приведенный контингент) / Искусство и культура,Образовательная политика / Численность обучающихся по отраслям знаний (приведенный контингент) / Образование и педагогические науки,Образовательная политика / Численность обучающихся по отраслям знаний (приведенный контингент) / Инженерные науки,Образовательная политика / Численность обучающихся по отраслям знаний (приведенный контингент) / Здравоохранение и медицинские науки,Образовательная политика / Численность обучающихся по отраслям знаний (приведенный контингент) / Гуманитарные науки,Образовательная политика / Численность обучающихся по отраслям знаний (приведенный контингент) / Математические и естественные науки,Образовательная политика / Численность обучающихся по отраслям знаний (приведенный контингент) / Науки об обществе,Образовательная политика / Сведения об ученых степенях профессорско-преподавательского состава / Доктора наук,Образовательная политика / Сведения об ученых степенях профессорско-преподавательского состава / Кандидаты наук,Образовательная политика / Сведения об ученых степенях профессорско-преподавательского состава / Без степени,Образовательная политика / Профессорско-преподавательский состав / Иностранные граждане,Образовательная политика / Профессорско-преподавательский состав / Граждане РФ,Качество системы управления / Бюджет университета / Федеральный бюджет,Качество системы управления / Бюджет университета / Бюджет субъекта РФ,Качество системы управления / Бюджет университета / Местный бюджет и внебюджетные средства,Качество системы управления / Финансовая модель организации («Модель 40/30/30») / Бюджетное финансирование,"Качество системы управления / Финансовая модель организации («Модель 40/30/30») / Внебюджетные доходы, связанные с выполнением НИР и ОКР, а также оказания услуг",Качество системы управления / Финансовая модель организации («Модель 40/30/30») / Внебюджетные доходы от образовательной деятельности (внебюджетные),Качество системы управления / Численность работников университета по категориям персонала / НР и инженерно-технический персонал,Качество системы управления / Численность работников университета по категориям персонала / ППС,"Качество системы управления / Численность работников университета по категориям персонала / Административно-хозяйственный, производственный и прочий персонал",Глобальная конкурентоспособность / Динамика университета в международных институциональных рейтингах / QS,Глобальная конкурентоспособность / Динамика университета в международных институциональных рейтингах / THE,Глобальная конкурентоспособность / Динамика университета в международных институциональных рейтингах / ARWU
АГУ,Южный,Республика Адыгея,Майкоп,Министерство науки и высшего образования Российской Федерации,True,,False,http://asu.edu.ru,Маркелов Константин Алексеевич,True,False,False,False,False,False,False,True,False,False,False,2.3,366.0,728.0,21.616,95.5,53.37,46.63,26.69,73.31,67.36,64.13,84.52,3.23,11.16,1.09,92.67,1.24,0.99,5.09,4.24,0.77,42.58,10.9,0.0,6.32,10.79,24.41,13.55,60.36,26.1,0.4,99.6,66.62,0.0,33.38,56.73,1.84,41.43,5.92,46.44,47.64,,,
Академия Русского балета имени А.Я. Вагановой,Северо-Западный,Санкт-Петербург,Санкт-Петербург,Министерство культуры Российской Федерации,True,,False,http://www.vaganovaacademy.ru,Цискаридзе Николай Максимович,False,False,False,False,False,False,False,False,False,False,False,21.0,0.0,0.0,0.0,3.5,93.93,6.07,7.23,92.77,82.34,93,66.47,0.0,31.5,2.02,60.0,0.0,4.0,36.0,0.0,100.0,0.0,0.0,0.0,0.0,0.0,0.0,7.69,16.48,75.82,1.1,98.9,86.75,0.0,13.25,83.99,0.57,15.44,7.2,38.56,54.24,,,
АлтГУ,Сибирский,Алтайский край,Барнаул,Министерство науки и высшего образования Российской Федерации,True,,False,http://www.asu.ru/,Бочаров Сергей Николаевич,False,False,False,False,False,False,False,True,True,False,False,11.3,1804.0,7673.0,119.064,381.696,58.08,41.92,15.91,84.09,71.96,62.59,70.93,11.17,15.78,2.12,75.98,4.2,1.3,18.52,1.0,1.63,2.58,13.75,0.35,8.09,23.42,49.18,16.8,65.64,17.57,6.18,93.82,57.38,0.42,42.2,58.43,7.08,34.49,11.76,35.41,52.84,561,,
АмГУ,Дальневосточный,Амурская область,Благовещенск,Министерство науки и высшего образования Российской Федерации,False,,True,http://www.amursu.ru,Плутенко Андрей Долиевич,False,False,False,False,False,False,False,True,False,False,False,9.3,233.0,325.0,6.196,40.314,64.3,35.7,6.24,93.76,64.9,60.16,66.39,20.56,11.97,1.07,43.89,0.0,9.05,47.06,0.0,2.9,6.37,32.37,0.0,8.52,3.03,46.8,9.17,60.42,30.42,0.42,99.58,63.76,2.04,34.2,60.15,9.28,30.57,4.89,39.15,55.95,,,
АГУ,Южный,Астраханская область,Астрахань,Министерство науки и высшего образования Российской Федерации,True,,False,http://asu.edu.ru,Маркелов Константин Алексеевич,True,False,False,False,False,False,False,True,False,False,False,2.3,366.0,728.0,21.616,95.5,53.37,46.63,26.69,73.31,67.36,64.13,84.52,3.23,11.16,1.09,92.67,1.24,0.99,5.09,4.24,0.77,42.58,10.9,0.0,6.32,10.79,24.41,13.55,60.36,26.1,0.4,99.6,66.62,0.0,33.38,56.73,1.84,41.43,5.92,46.44,47.64,,,
БФУ им. И. Канта,Северо-Западный,Калининградская область,Калининград,Министерство науки и высшего образования Российской Федерации,True,Территориальное/отраслевое лидерство,False,http://www.kantiana.ru,Федоров Александр Александрович,True,False,False,False,False,True,True,True,False,False,True,19.3,1794.0,7641.0,136.998,420.484,70.64,29.36,9.08,90.92,78.27,70.18,62.39,15.91,14.27,7.43,49.69,41.82,2.62,5.86,0.0,2.17,11.64,13.19,12.68,17.35,16.79,26.18,23.04,51.9,25.06,1.79,98.21,72.4,1.28,26.32,69.7,8.79,21.51,16.07,36.64,47.3,651,1201,
ФГБОУ ВО БГМУ Минздрава России,Приволжский,Республика Башкортостан,Уфа,Министерство здравоохранения Российской Федерации,True,Территориальное/отраслевое лидерство,False,http://bashgmu.ru,Павлов Валентин Николаевич,True,False,False,False,False,False,False,False,False,False,False,6.7,677.0,5242.0,16.305,209.245,49.9,50.1,18.89,81.11,82.02,65.9,0.51,78.85,0.03,20.61,0.0,94.45,5.49,0.05,0.0,0.0,0.0,0.0,99.32,0.0,0.63,0.05,23.87,60.26,15.87,1.07,98.93,42.24,0.0,57.76,58.84,2.18,38.98,3.52,53.65,42.83,,,
БашГУ,Приволжский,Республика Башкортостан,Уфа,Министерство науки и высшего образования Российской Федерации,True,Территориальное/отраслевое лидерство,False,http://www.bashedu.ru,Морозкин Николай Данилович,True,True,False,False,False,False,False,True,False,False,False,8.4,1626.0,5758.0,78.326,332.69,51.3,48.7,4.23,95.77,70.45,69.59,70.93,13.09,13.38,2.61,76.67,5.56,2.5,15.28,0.0,0.49,1.18,14.15,0.0,18.01,26.25,39.92,18.28,67.93,13.78,0.42,99.58,57.82,0.36,41.82,58.64,4.5,36.86,5.24,47.12,47.65,,1201,
НИУ «БелГУ»,Центральный,Белгородская область,Белгород,Министерство науки и высшего образования Российской Федерации,True,Территориальное/отраслевое лидерство,False,http://www.bsu.edu.ru,Полухин Олег Николаевич,True,False,False,False,False,False,False,True,False,True,False,25.8,2457.0,8485.0,229.483,637.336,44.56,55.44,17.83,82.17,71.26,63.38,43.18,37.83,6.53,12.45,27.77,51.41,13.81,7.0,0.2,0.11,16.05,7.75,25.55,10.32,6.55,33.48,17.9,64.74,17.36,1.86,98.14,49.33,0.22,50.44,49.07,16.78,34.14,9.33,45.46,45.21,1001,1201,
БГТУ им. В.Г. Шухова,Центральный,Белгородская область,Белгород,Министерство науки и высшего образования Российской Федерации,True,,False,http://www.bstu.ru,Глаголев Сергей Николаевич,True,False,False,False,False,False,False,True,True,False,False,19.4,1321.0,3365.0,67.915,168.676,67.8,32.2,16.98,83.02,69.39,64.01,69.03,13.41,14.14,3.42,82.08,3.5,1.88,12.54,0.31,0.19,0.0,84.41,0.0,0.0,0.0,15.08,13.02,57.4,29.58,2.41,97.59,57.88,1.01,41.11,58.4,15.87,25.73,9.98,43.41,46.62,,,
ВолгГТУ,Южный,Волгоградская область,Волгоград,Министерство науки и высшего образования Российской Федерации,True,,False,http://www.vstu.ru,Навроцкий Александр Валентинович,True,False,False,False,False,False,False,True,True,False,False,25.5,2172.0,5172.0,64.78,245.9,81.01,18.99,11.62,88.38,64.16,56.68,74.76,8.2,13.67,3.37,92.0,0.99,0.55,6.47,0.0,0.11,0.0,88.67,0.0,0.0,0.91,10.3,17.03,61.72,21.25,0.0,100.0,59.16,0.39,40.45,59.99,21.53,18.47,3.51,37.84,58.66,,1001,
Всероссийский государственный институт кинематографии имени С.А.Герасимова,Центральный,Москва,Москва,Министерство культуры Российской Федерации,True,,False,http://www.vgik.info,Малышев Владимир Сергеевич,False,False,False,False,False,False,False,False,False,False,False,3.0,7.0,5.0,1.0,9.5,66.32,33.68,3.82,96.18,81.78,71.47,5.41,88.69,1.83,4.06,4.17,85.42,4.17,6.25,0.0,100.0,0.0,0.0,0.0,0.0,0.0,0.0,7.8,17.43,74.77,0.0,100.0,80.15,0.0,19.85,73.89,0.0,26.11,4.54,38.05,57.42,,,
НИУ ВШЭ,Центральный,Москва,Москва,Правительство Российской Федерации,True,Исследовательское лидерство,False,http://www.hse.ru/,Анисимов Никита Юрьевич,False,False,True,False,False,True,False,True,False,True,False,24.1,13430.0,91712.0,1343.083,3538.62,41.93,58.07,6.0,94.0,96.09,84.24,71.48,1.12,24.39,3.01,60.4,0.35,2.26,36.99,0.0,10.3,0.28,9.12,0.0,10.06,9.85,60.39,16.74,41.16,42.1,4.42,95.58,52.67,0.0,47.33,52.66,10.66,36.67,33.66,28.04,38.31,305,301,601
ВятГУ,Приволжский,Кировская область,Киров,Министерство науки и высшего образования Российской Федерации,True,,False,http://www.vyatsu.ru,Пугач Валентин Николаевич,False,False,False,False,False,False,False,False,True,False,False,5.5,1218.0,3546.0,63.093,330.478,68.62,31.38,2.5,97.5,68.64,61.67,72.92,14.61,11.01,1.46,78.23,2.42,0.81,18.55,0.61,0.9,13.48,34.59,0.0,8.23,8.38,33.82,10.15,67.61,22.24,0.15,99.85,67.31,0.29,32.4,68.61,4.68,26.72,7.63,44.46,47.91,,,
СПГУ,Северо-Западный,Санкт-Петербург,Санкт-Петербург,Министерство науки и высшего образования Российской Федерации,True,Не претендует,False,http://spmi.ru,Литвиненко Владимир Стефанович,False,False,False,False,False,False,False,True,False,True,False,36.2,3138.0,11926.0,210.976,583.611,88.51,11.49,3.93,96.07,79.44,70.33,46.63,41.38,8.11,3.88,48.48,39.09,1.52,10.91,0.0,0.0,0.0,94.5,0.0,0.0,1.64,3.87,16.85,76.4,6.74,11.4,88.6,47.7,0.0,52.3,59.85,34.35,5.8,11.7,34.53,53.77,1001,401,
ДВФУ,Дальневосточный,Приморский край,Владивосток,Министерство науки и высшего образования Российской Федерации,True,Территориальное/отраслевое лидерство,False,http://dvfu.ru/,Коробец Борис Николаевич,True,True,False,False,False,True,False,True,False,False,True,12.8,4515.0,21672.0,273.833,613.362,70.92,29.08,6.92,93.08,74.48,65.45,60.64,16.28,20.22,2.85,44.78,43.87,2.45,8.9,0.18,1.5,1.75,36.45,8.39,8.64,9.47,33.61,7.6,41.68,50.72,1.0,99.0,64.77,0.18,35.05,63.26,6.83,29.91,7.32,28.86,63.83,461,1201,
ДГТУ,Южный,Ростовская область,Ростов-На-Дону,Министерство науки и высшего образования Российской Федерации,True,,False,http://www.donstu.ru,Месхи Бесик Чохоевич,True,False,False,False,False,False,False,True,True,False,False,6.0,3192.0,8545.0,97.964,228.931,72.21,27.79,6.55,93.45,61.35,62.11,73.48,13.48,11.9,1.14,71.5,2.52,2.17,23.81,2.95,1.15,1.23,69.04,0.0,6.14,2.04,17.44,9.58,49.76,40.66,0.12,99.88,72.74,0.0,27.26,73.2,3.18,23.63,13.8,49.46,36.73,1201,501,
КБГУ,Северо-Кавказский,Кабардино-Балкарская Республика,Нальчик,Министерство науки и высшего образования Российской Федерации,True,,False,http://www.kbsu.ru,Альтудов Юрий Камбулатович,False,False,False,False,False,False,False,False,False,False,False,5.1,870.0,1303.0,53.378,211.193,48.51,51.49,15.49,84.51,65.82,64.13,40.97,43.08,10.3,5.65,7.3,90.08,1.49,1.13,0.0,0.2,3.66,15.22,43.75,7.35,10.16,19.65,18.23,59.21,22.56,0.0,100.0,49.37,0.0,50.63,49.53,4.61,45.85,10.42,35.42,54.16,,,
КНИТУ-КАИ,Приволжский,Республика Татарстан,Казань,Министерство науки и высшего образования Российской Федерации,True,,False,http://www.kai.ru,Алибаев Тимур Лазович,True,False,False,False,False,False,False,False,False,True,False,25.1,2079.0,6617.0,135.794,383.58,81.29,18.71,10.17,89.83,76.69,61.52,69.23,10.0,16.78,3.99,85.81,4.96,1.24,7.99,0.0,0.0,0.0,90.64,0.0,0.0,2.06,7.3,17.54,54.07,28.39,0.16,99.84,68.87,0.0,31.13,69.11,15.37,15.51,12.07,36.73,51.2,,1201,
КФУ,Приволжский,Республика Татарстан,Казань,Министерство науки и высшего образования Российской Федерации,True,Территориальное/отраслевое лидерство,False,http://www.kpfu.ru,Таюрский  Дмитрий  Альбертович,False,True,True,False,False,True,False,False,False,False,True,22.2,14011.0,74509.0,1061.285,2490.15,38.89,61.11,17.94,82.06,80.67,70.09,73.35,11.04,11.7,3.92,69.26,16.03,2.52,12.19,0.0,0.74,15.37,12.47,6.58,13.85,16.85,34.14,17.17,57.38,25.45,1.81,98.19,44.54,1.62,53.84,55.59,5.5,38.91,23.09,38.04,38.88,347,801,NaN
КемГУ,Сибирский,Кемеровская область,Кемерово,Министерство науки и высшего образования Российской Федерации,True,,False,www.kemsu.ru,Просеков Александр Юрьевич,True,False,False,False,False,False,False,True,True,False,False,17.3,1056.0,2253.0,69.447,274.657,72.19,27.81,11.63,88.37,68.68,63.72,74.93,8.73,15.23,1.12,86.77,5.62,0.11,7.5,0.49,0.0,11.54,23.91,0.07,10.19,20.24,33.56,20.04,62.09,17.87,0.18,99.82,78.61,0.66,20.73,75.7,6.94,17.36,8.26,49.73,42.01,,,
ФГАОУ ВО «КФУ им. В.И. Вернадского»,Южный,Республика Крым,Симферополь,Министерство науки и высшего образования Российской Федерации,True,Территориальное/отраслевое лидерство,False,http://www.cfuv.ru,Фалалеев Андрей Павлович,True,False,False,False,False,False,False,True,False,False,True,10.2,1491.0,3780.0,87.599,453.026,77.87,22.13,8.98,91.02,66.41,57.71,49.36,32.67,12.31,5.66,11.17,82.57,2.76,3.5,7.93,1.51,0.0,16.08,29.93,11.71,9.68,23.15,13.61,74.97,11.42,0.29,99.71,73.33,4.27,22.4,75.82,1.46,22.72,2.52,41.56,55.92,,,
Кубанский государственный медицинский университет,Южный,Краснодарский край,Краснодар,Министерство здравоохранения Российской Федерации,False,,True,http://www.ksma.ru/,Алексеенко Сергей Николаевич,False,False,False,False,False,False,False,False,False,False,False,2.9,557.0,915.0,6.249,187.659,39.94,60.06,6.3,93.7,85.32,67.48,0.0,80.59,0.0,19.41,0.0,82.56,17.44,0.0,0.0,0.0,0.0,0.0,100.0,0.0,0.0,0.0,20.7,58.15,21.15,0.0,100.0,54.66,0.0,45.34,55.06,2.6,42.34,2.75,48.09,49.15,,,
МГИМО,Центральный,Москва,Москва,Министерство иностранных дел Российской Федерации,True,Территориальное/отраслевое лидерство,False,http://www.mgimo.ru,Торкунов Анатолий Васильевич,False,False,True,False,False,False,False,False,False,False,False,5.5,1363.0,3204.0,149.634,478.245,33.94,66.06,7.51,92.49,97.98,85.18,69.15,0.0,28.6,2.25,74.82,0.0,2.29,22.89,0.0,0.0,0.26,0.0,0.0,0.56,1.43,97.75,12.54,38.46,49.0,0.84,99.16,35.94,0.0,64.06,32.31,5.31,62.38,5.96,62.49,31.56,362,,
МГТУ им. Н.Э. Баумана,Центральный,Москва,Москва,Министерство науки и высшего образования Российской Федерации,True,Исследовательское лидерство,False,http://www.bmstu.ru,Гордин Михаил Валерьевич,True,False,False,False,False,False,False,False,False,True,False,28.8,6973.0,21264.0,427.792,1056.643,80.84,19.16,3.21,96.79,84.11,69.81,45.26,41.63,10.23,2.88,41.33,7.49,11.93,39.25,0.0,0.61,0.0,88.86,0.0,0.86,4.89,4.78,15.67,48.4,35.93,0.76,99.24,80.78,0.23,18.99,83.15,8.92,7.93,14.42,34.03,51.55,281,801,
МАИ,Центральный,Москва,Москва,Министерство науки и высшего образования Российской Федерации,True,Территориальное/отраслевое лидерство,False,http://www.mai.ru,Погосян Михаил Асланович,False,False,True,False,False,False,False,False,False,True,False,22.1,3349.0,10259.0,366.383,852.52,79.08,20.92,7.21,92.79,78.39,71.74,54.81,28.67,13.47,3.05,64.75,6.32,3.16,25.77,0.0,0.0,0.0,80.97,0.0,2.01,8.27,8.75,14.34,54.1,31.56,1.13,98.87,69.96,0.74,29.29,72.41,16.31,11.28,15.72,42.42,41.86,,1201,
ГАОУ ВО МГПУ,Центральный,Москва,Москва,Департамент образования и науки города Москвы,True,,False,http://www.mgpu.ru,Реморенко Игорь Михайлович,False,False,False,False,False,False,False,False,False,False,False,20.1,464.0,811.0,23.768,115.651,71.08,28.92,4.28,95.72,86.09,72.37,70.3,0.75,26.03,2.91,84.12,0.47,4.74,10.66,0.0,4.41,60.61,0.76,0.0,19.28,0.0,14.93,13.93,37.92,48.15,0.64,99.36,3.63,71.13,25.24,69.18,2.41,28.42,4.68,56.48,38.84,1201,,
МИИГАиК,Центральный,Москва,Москва,Министерство науки и высшего образования Российской Федерации,False,,True,http://www.miigaik.ru,Камынина Надежда Ростиславовна,False,False,False,False,False,False,False,False,False,False,False,10.1,618.0,245.0,210.859,47.071,72.37,27.63,0.86,99.14,74.93,59.39,66.79,20.27,11.03,1.91,14.89,8.51,12.77,63.83,0.0,0.0,0.0,84.27,0.0,0.0,15.73,0.0,12.46,44.64,42.91,0.0,100.0,69.04,0.0,30.96,68.71,8.24,23.05,20.19,56.12,23.69,,,
МГУПП,Центральный,Москва,Москва,Министерство науки и высшего образования Российской Федерации,False,,True,http://www.mgupp.ru,БАЛЫХИН МИХАИЛ ГРИГОРЬЕВИЧ,False,False,False,False,False,False,False,True,False,False,False,16.7,309.0,875.0,7.509,44.431,72.67,27.33,11.16,88.84,76.03,64.92,70.9,7.66,11.66,9.78,85.04,2.61,5.46,6.89,16.91,0.0,0.0,74.5,0.0,0.0,1.97,6.62,35.1,39.59,25.31,1.22,98.78,59.79,0.0,40.21,62.13,15.78,22.08,1.56,63.8,34.64,,,
МПГУ,Центральный,Москва,Москва,Министерство просвещения Российской Федерации,False,,True,http://www.mpgu.su,Лубков Алексей Владимирович,False,False,False,False,False,False,False,False,False,False,False,4.3,1203.0,3679.0,68.089,299.828,56.46,43.54,8.57,91.43,81.4,67.58,79.93,0.0,17.56,2.52,94.13,0.0,5.87,0.0,0.0,0.99,74.41,1.32,0.0,9.18,3.62,10.48,18.76,49.34,31.91,0.66,99.34,63.6,1.07,35.32,61.39,0.22,38.39,3.22,60.01,36.77,1201,,
Московский Политех,Центральный,Москва,Москва,Министерство науки и высшего образования Российской Федерации,True,,False,https://new.mospolytech.ru/,МИКЛУШЕВСКИЙ ВЛАДИМИР ВЛАДИМИРОВИЧ,False,False,False,False,False,False,False,False,False,False,False,5.9,1319.0,3247.0,67.806,227.423,78.81,21.19,12.58,87.42,72.48,65.08,68.51,13.61,15.6,2.28,70.03,4.84,0.62,24.51,0.0,8.86,0.0,75.12,0.0,0.0,2.66,13.37,13.7,51.27,35.03,0.36,99.64,76.94,0.74,22.32,76.87,2.89,20.24,8.92,50.77,40.31,,1201,
МФТИ,Центральный,Москва,Москва,Министерство науки и высшего образования Российской Федерации,True,Исследовательское лидерство,False,http://mipt.ru/,Ливанов Дмитрий Викторович,False,False,False,True,False,True,False,True,False,True,False,48.9,11752.0,121267.0,812.924,1365.354,83.84,16.16,3.87,96.13,98.48,88.39,59.58,0.86,29.33,10.22,37.09,0.0,12.73,50.18,0.0,0.0,0.0,13.02,0.0,0.0,86.98,0.0,13.88,41.02,45.1,3.27,96.73,60.65,0.0,39.35,64.45,32.32,3.22,35.48,20.01,44.51,290,201,501
МГУ им. Н.П. Огарёва,Приволжский,Республика Мордовия,Саранск,Министерство науки и высшего образования Российской Федерации,True,,False,http://www.mrsu.ru/,ГЛУШКО ДМИТРИЙ ЕВГЕНЬЕВИЧ,True,False,False,False,False,False,False,False,False,True,False,10.4,1410.0,3675.0,101.75,361.931,58.51,41.49,15.58,84.42,66.74,61.84,43.23,41.47,8.09,7.2,26.41,67.23,4.18,2.17,7.21,1.18,0.55,21.85,32.15,6.45,11.1,19.52,17.18,68.52,14.3,1.02,98.98,61.85,0.02,38.13,62.54,6.22,31.24,10.32,44.63,45.05,,,
НИУ МИЭТ,Центральный,Москва,Зеленоград,Министерство науки и высшего образования Российской Федерации,True,,False,http://www.miet.ru,Беспалов Владимир Александрович,False,False,False,False,False,False,False,False,False,True,False,41.8,1726.0,3868.0,61.428,175.615,81.96,18.04,5.03,94.97,80.79,64.93,77.84,0.68,17.59,3.9,49.33,0.9,9.87,39.91,0.0,2.0,0.0,82.2,0.0,5.0,2.98,7.82,17.6,50.93,31.47,0.27,99.73,49.86,0.63,49.51,52.81,39.65,7.54,36.23,26.08,37.69,,1201,
НИЯУ МИФИ,Центральный,Москва,Москва,Министерство науки и высшего образования Российской Федерации,True,Исследовательское лидерство,False,http://www.mephi.ru,Шевченко Владимир Игоревич,True,False,False,False,False,True,False,False,False,True,False,45.1,12012.0,107991.0,565.58,1251.358,76.58,23.42,12.31,87.69,97.3,77.64,43.92,22.49,23.34,10.24,32.13,13.17,4.7,50.0,0.0,0.0,0.0,71.23,1.4,0.0,12.94,14.43,19.31,51.89,28.81,3.32,96.68,58.81,0.0,41.19,64.08,30.46,5.45,39.78,26.62,33.6,319,401,701
ННГУ,Приволжский,Нижегородская область,Нижний Новгород,Министерство науки и высшего образования Российской Федерации,True,Исследовательское лидерство,False,http://www.unn.ru,Загайнова Елена Вадимовна,True,True,True,False,False,True,False,True,False,True,False,35.3,5072.0,24657.0,443.447,1099.051,50.22,49.78,9.05,90.95,78.62,64.57,56.65,29.56,10.24,3.55,37.18,53.05,1.42,8.35,0.0,0.01,0.0,12.9,7.35,7.26,23.24,49.24,18.98,58.58,22.45,0.46,99.54,40.74,0.0,59.26,34.75,32.57,32.69,18.17,39.2,42.63,651,1201,
МИСиС,Центральный,Москва,Москва,Министерство науки и высшего образования Российской Федерации,True,Исследовательское лидерство,False,http://www.misis.ru,Черникова Алевтина Анатольевна,True,False,False,False,False,True,False,True,False,True,False,38.3,7741.0,57795.0,756.689,1702.082,61.59,38.41,15.84,84.16,89,69.57,56.59,15.55,21.78,6.08,28.13,32.61,4.71,34.54,0.0,0.0,0.0,70.32,0.0,9.79,6.5,13.39,19.64,50.17,30.2,1.32,98.68,56.29,0.36,43.35,51.56,35.59,12.84,38.78,27.36,33.86,487,601,NaN
МЭИ,Центральный,Москва,Москва,Министерство науки и высшего образования Российской Федерации,True,,False,http://www.mpei.ru,Рогалев Николай Дмитриевич,False,False,False,False,False,False,False,False,False,True,False,25.5,3845.0,8367.0,300.292,586.269,76.57,23.43,10.42,89.58,73.85,61.74,75.82,1.45,18.45,4.27,87.97,0.16,2.93,8.94,0.0,0.75,0.0,85.73,0.0,0.44,4.17,8.9,17.04,54.85,28.11,3.23,96.77,63.82,0.25,35.93,66.34,18.79,14.87,25.45,36.35,38.2,1201,1201,
НовГУ,Северо-Западный,Новгородская область,Великий Новгород,Министерство науки и высшего образования Российской Федерации,True,,False,http://www.novsu.ru,Боровиков Юрий Сергеевич,True,False,True,False,False,False,False,False,True,False,False,9.1,677.0,1018.0,17.758,86.351,62.54,37.46,12.69,87.31,68.26,59.42,53.48,38.02,3.83,4.67,11.74,86.63,1.34,0.3,4.64,1.37,14.8,16.74,36.6,7.83,4.92,13.1,19.42,56.03,24.55,0.0,100.0,56.67,0.0,43.33,59.04,8.91,32.05,2.13,41.52,56.35,,,
НГТУ,Сибирский,Новосибирская область,Новосибирск,Министерство науки и высшего образования Российской Федерации,True,Территориальное/отраслевое лидерство,False,www.nntu.ru,Дмитриев Сергей Михайлович,True,False,False,False,False,False,False,False,True,False,False,28.5,1461.0,4357.0,139.732,297.481,89.21,10.79,3.75,96.25,69.28,61.38,64.36,14.71,17.52,3.41,82.88,0.0,1.8,15.32,0.0,0.0,0.0,94.43,0.0,0.38,3.8,1.39,17.17,56.66,26.16,0.0,100.0,64.76,0.37,34.88,66.33,19.83,13.84,10.24,41.15,48.61,801,1201,
НГУ,Сибирский,Новосибирская область,Новосибирск,Министерство науки и высшего образования Российской Федерации,True,Исследовательское лидерство,False,http://www.nsu.ru,Федорук Михаил Петрович,False,False,False,False,True,True,True,False,False,True,False,27.0,15141.0,130383.0,961.686,1944.828,63.26,36.74,7.73,92.27,87.68,76.85,70.09,9.88,14.89,5.14,35.92,30.38,7.28,26.42,0.0,0.0,0.0,10.27,7.33,11.15,44.57,26.68,9.94,34.88,55.18,2.75,97.25,78.51,0.0,21.49,76.38,5.38,18.24,21.12,33.86,45.03,246,801,601
ОмГТУ,Сибирский,Омская область,Омск,Министерство науки и высшего образования Российской Федерации,True,Территориальное/отраслевое лидерство,False,http://www.omgtu.ru,Маевский Дмитрий Павлович,False,False,False,False,False,False,False,False,True,False,False,7.0,2070.0,3591.0,62.863,160.374,85.12,14.88,14.46,85.54,63.43,59.47,60.76,20.71,16.55,1.99,68.09,13.22,0.33,18.36,0.0,2.69,0.0,80.36,0.0,0.0,2.38,14.57,9.71,55.61,34.68,0.13,99.87,73.08,0.0,26.92,74.11,6.13,19.76,13.31,44.53,42.17,,1201,
ОГУ,Приволжский,Оренбургская область,Оренбург,Министерство науки и высшего образования Российской Федерации,True,,False,http://www.osu.ru,Мирошников Сергей Александрович,False,False,False,False,False,False,False,True,False,False,False,6.8,911.0,2813.0,39.327,166.637,70.58,29.42,6.82,93.18,68.13,64.3,68.48,17.76,12.55,1.2,82.02,10.28,0.55,7.16,0.83,1.22,0.48,47.12,0.0,6.06,10.8,33.49,14.89,69.93,15.18,0.0,100.0,71.32,0.0,28.68,73.9,5.51,20.59,4.54,50.0,45.46,,,
ФГБОУ ВО «ОГУ им. И.С. Тургенева»,Центральный,Орловская область,Орёл,Министерство науки и высшего образования Российской Федерации,True,,False,http://oreluniver.ru/,ФЕДОТОВ АЛЕКСАНДР АНАТОЛЬЕВИЧ,False,False,False,False,False,False,False,False,True,False,False,5.3,827.0,1929.0,37.501,98.186,62.72,37.28,15.99,84.01,69.9,61.63,48.74,33.11,14.78,3.37,22.2,76.45,0.35,1.0,0.05,1.78,18.37,22.2,26.59,6.2,5.82,18.99,14.87,67.27,17.87,0.0,100.0,71.62,0.0,28.38,73.88,0.2,25.93,8.09,47.52,44.39,,,
ПГНИУ,Приволжский,Пермский край,Пермь,Министерство науки и высшего образования Российской Федерации,True,,False,http://www.psu.ru,Красильников Дмитрий Георгиевич,True,False,False,False,False,False,False,False,False,True,False,18.3,1663.0,4325.0,137.551,472.398,61.89,38.11,5.72,94.28,74.62,64.13,69.97,16.77,11.98,1.28,66.99,27.41,1.74,3.86,0.25,1.15,3.02,6.29,2.16,8.86,38.17,40.09,14.66,55.63,29.71,0.52,99.48,60.86,1.22,37.92,63.03,8.7,28.28,1.04,39.71,59.25,801,1201,
ПсковГУ,Северо-Западный,Псковская область,Псков,Министерство науки и высшего образования Российской Федерации,True,,False,http://www.pskgu.ru,Ильина Наталья Анатольевна,False,False,False,False,False,False,False,False,True,False,False,6.5,182.0,197.0,2.32,25.108,62.53,37.47,13.22,86.78,69.02,60.97,68.38,21.78,8.65,1.2,60.58,29.56,1.13,8.72,0.14,1.11,25.56,22.78,9.87,6.86,3.47,30.21,9.34,57.83,32.83,0.25,99.75,61.78,0.16,38.05,63.42,5.65,30.94,4.7,44.3,51.01,,,
РАМ имени Гнесиных,Центральный,Москва,Москва,Министерство культуры Российской Федерации,True,,False,http://www.gnesin-academy.ru,Рыжинский Александр Сергеевич,False,False,False,False,False,False,False,False,False,False,False,4.1,0.0,0.0,0.0,676.89,73.17,26.83,18.95,81.05,86.88,77.92,57.79,16.82,17.14,8.26,49.25,6.53,20.6,23.62,0.0,100.0,0.0,0.0,0.0,0.0,0.0,0.0,3.29,15.02,81.69,0.0,100.0,73.54,0.0,26.46,68.05,0.0,31.95,1.23,74.87,23.9,,,
Губкинский университет,Центральный,Москва,Москва,Министерство науки и высшего образования Российской Федерации,True,,False,http://www.gubkin.ru,Мартынов Виктор Георгиевич,False,False,True,False,False,False,False,False,False,True,False,19.0,1641.0,5863.0,153.109,386.256,65.3,34.7,4.65,95.35,83.78,69.49,62.79,14.21,19.34,3.66,53.95,5.53,6.32,34.21,0.0,0.0,0.0,73.56,0.0,0.0,3.52,22.92,20.96,50.12,28.92,0.59,99.41,46.21,0.09,53.7,58.66,14.02,27.32,22.76,43.0,34.24,,1201,
РАНХиГС,Центральный,Москва,Москва,Правительство Российской Федерации,True,Территориальное/отраслевое лидерство,False,http://www.ranepa.ru/,Мау Владимир Александрович,True,False,True,False,False,False,False,True,False,False,False,19.8,2600.0,5531.0,141.06,676.89,20.44,79.56,1.48,98.52,94.57,71.73,75.17,9.21,13.15,2.47,64.18,7.84,2.24,25.75,0.0,2.0,0.0,2.0,0.0,0.63,0.0,95.38,16.91,42.41,40.69,1.72,98.28,60.79,0.0,39.21,41.56,3.06,55.38,14.57,27.64,57.79,801,1201,
ГИТИС,Центральный,Москва,Москва,Министерство культуры Российской Федерации,True,,False,http://www.gitis.net,Заславский Григорий Анатольевич,False,False,False,False,False,False,False,False,False,False,False,12.7,5.0,9.0,0.0,1.25,56.3,43.7,5.64,94.36,80.91,73.88,14.38,77.44,3.48,4.7,15.0,83.33,1.67,0.0,0.0,100.0,0.0,0.0,0.0,0.0,0.0,0.0,9.09,29.22,61.69,0.65,99.35,59.08,0.0,40.92,65.2,0.6,34.2,7.1,47.53,45.37,,,
РУДН,Центральный,Москва,Москва,Министерство науки и высшего образования Российской Федерации,True,,False,http://www.rudn.ru/,Ястребов Олег Александрович,False,False,False,False,False,True,False,False,False,False,False,9.9,8529.0,38711.0,484.213,1680.805,26.56,73.44,17.29,82.71,84.74,65.64,49.67,28.21,10.95,11.16,36.01,31.63,18.33,14.03,4.36,0.8,0.53,12.79,26.73,10.69,8.73,35.37,16.64,45.0,38.36,9.94,90.06,36.31,0.09,63.6,40.32,4.81,54.87,4.09,44.89,51.02,317,601,
РТУ МИРЭА,Центральный,Москва,Москва,Министерство науки и высшего образования Российской Федерации,True,,False,http://www.mirea.ru,Кудж Станислав Алексеевич,True,False,False,False,False,False,False,True,False,False,False,10.8,2991.0,8711.0,209.523,706.802,53.21,46.79,2.4,97.6,81.35,62.35,70.2,18.26,9.64,1.9,81.09,0.0,1.81,17.11,0.0,0.6,0.0,75.76,0.03,0.48,5.73,17.39,14.44,48.72,36.84,0.17,99.83,78.62,0.24,21.14,69.72,3.93,26.36,16.2,47.25,36.55,1201,1201,
РХТУ им. Д.И. Менделеева,Центральный,Москва,Москва,Министерство науки и высшего образования Российской Федерации,True,Территориальное/отраслевое лидерство,False,http://www.muctr.ru,Воротынцев Илья Владимирович,True,False,False,False,False,False,False,False,False,False,False,26.4,2511.0,9630.0,194.387,630.054,88.2,11.8,3.11,96.89,80.78,64.81,63.96,16.76,14.76,4.52,53.81,6.09,17.77,22.34,0.0,0.0,0.0,86.53,0.0,0.36,11.85,1.27,20.49,52.75,26.76,0.0,100.0,78.9,0.0,21.1,80.11,12.52,7.37,11.02,37.48,51.49,801,,
Самарский университет,Приволжский,Самарская область,Самара,Министерство науки и высшего образования Российской Федерации,True,,False,http://www.ssau.ru,Богатырев Владимир Дмитриевич,True,True,False,False,False,True,False,True,False,True,False,20.6,4703.0,18873.0,318.646,659.701,72.64,27.36,7.13,92.87,75.07,67.25,65.04,14.45,15.8,4.72,80.24,6.71,1.76,11.29,0.0,0.0,0.99,44.17,0.0,6.91,18.56,29.36,16.23,59.8,23.97,2.19,97.81,68.61,0.0,31.39,64.16,14.55,21.29,18.14,43.74,38.12,581,1201,
СПБГМТУ,Северо-Западный,Санкт-Петербург,Санкт-Петербург,Министерство науки и высшего образования Российской Федерации,True,Территориальное/отраслевое лидерство,False,http://www.smtu.ru,Туричин Глеб Андреевич,True,False,True,False,False,False,False,False,False,False,False,49.2,361.0,733.0,7.763,25.965,81.4,18.6,3.81,96.19,69.91,59.12,70.33,15.03,12.9,1.73,66.67,1.06,13.76,18.52,0.0,0.0,0.0,81.99,0.0,0.0,2.02,15.98,15.46,51.93,32.61,0.97,99.03,48.24,0.0,51.76,45.88,46.89,7.23,15.72,38.73,45.56,,,
ГУАП,Северо-Западный,Санкт-Петербург,Санкт-Петербург,Министерство науки и высшего образования Российской Федерации,True,,False,http://guap.ru,Антохина Юлия Анатольевна,False,False,False,False,False,False,False,False,False,False,False,5.3,1268.0,2403.0,18.312,126.728,64.81,35.19,5.88,94.12,77.52,72.3,68.88,17.57,12.66,0.89,78.52,0.0,0.38,21.1,0.0,0.45,0.0,68.48,0.0,3.83,2.46,24.78,17.45,57.66,24.89,0.64,99.36,67.48,0.0,32.52,69.39,4.59,26.01,17.93,39.0,43.07,,,
Санкт-Петербургский политехнический университет Петра Великого,Северо-Западный,Санкт-Петербург,Санкт-Петербург,Министерство науки и высшего образования Российской Федерации,True,Исследовательское лидерство,False,http://www.spbstu.ru,Рудской Андрей Иванович,True,False,True,False,False,True,False,True,False,True,False,21.7,11166.0,78060.0,520.209,1255.187,64.4,35.6,15.79,84.21,82.32,73.21,70.42,6.59,19.54,3.45,79.16,0.33,2.11,18.4,0.0,1.24,0.57,55.25,0.0,2.96,8.1,31.89,16.36,52.87,30.76,10.61,89.39,56.88,0.14,42.98,58.87,17.95,23.18,25.96,39.21,34.82,393,301,
СГУ,Приволжский,Саратовская область,Саратов,Министерство науки и высшего образования Российской Федерации,True,,False,http://www.sgu.ru,Чумаченко Алексей Николаевич,False,True,False,False,False,False,False,False,False,True,False,20.4,3194.0,15687.0,292.442,742.449,70.36,29.64,10.34,89.66,69.29,61.36,76.02,6.66,13.97,3.35,88.58,1.24,1.81,8.37,0.0,0.72,28.73,16.07,0.0,9.14,22.19,23.17,23.24,62.24,14.52,0.1,99.9,63.34,0.0,36.66,60.76,18.87,20.37,5.24,39.49,55.26,531,1201,
СевГУ,Южный,Севастополь,Севастополь,Министерство науки и высшего образования Российской Федерации,True,Территориальное/отраслевое лидерство,False,https://www.sevsu.ru/,Нечаев Владимир Дмитриевич,True,False,False,False,False,False,False,True,False,False,False,11.6,648.0,1013.0,24.211,93.252,86.39,13.61,2.22,97.78,66.06,59.21,69.39,16.96,12.88,0.78,72.22,16.67,0.0,11.11,0.62,0.99,8.31,52.19,0.0,11.14,2.62,24.13,9.23,53.05,37.73,0.82,99.18,85.27,0.0,14.73,72.45,8.37,19.17,10.2,49.15,40.65,,,
СВФУ,Дальневосточный,Сахалинская область,Якутск,Министерство науки и высшего образования Российской Федерации,True,,False,http://www.s-vfu.ru,Николаев Анатолий Николаевич,True,True,False,False,False,False,False,False,False,False,True,8.9,2067.0,5932.0,97.516,325.991,83.46,16.54,2.73,97.27,65.63,58.99,58.82,23.5,12.67,5.0,49.33,38.54,5.12,7.01,0.71,1.52,20.46,28.76,14.12,10.1,10.18,14.15,10.5,53.22,36.28,2.21,97.79,84.04,0.86,15.1,84.85,4.23,10.92,9.68,40.92,49.4,,1201,
СКФУ,Северо-Кавказский,Ставропольский край,Ставрополь,Министерство науки и высшего образования Российской Федерации,True,,False,www.ncfu.ru,Беспалов Дмитрий Николаевич,False,False,False,False,False,False,False,True,False,False,True,12.2,1509.0,3484.0,72.075,256.891,63.06,36.94,8.44,91.56,71.29,61.04,63.43,16.51,16.72,3.33,77.96,5.81,0.5,15.73,0.0,0.48,6.97,33.01,2.77,7.75,7.92,41.11,18.35,69.92,11.73,0.12,99.88,65.51,0.21,34.28,58.87,6.14,34.98,8.44,36.89,54.67,,,
ФГАОУ ВО Первый МГМУ им. И.М. Сеченова Минздрава России ,Центральный,Москва,Москва,Министерство здравоохранения Российской Федерации,True,Исследовательское лидерство,False,https://www.sechenov.ru/,Глыбочко Петр Витальевич,False,False,True,False,False,True,False,False,False,False,False,12.6,11203.0,68025.0,484.438,478.245,51.38,48.62,4.35,95.65,91.79,73.29,2.0,84.56,1.6,11.84,0.21,94.28,5.25,0.26,0.0,0.0,0.04,1.18,93.87,0.5,2.02,2.39,22.92,51.79,25.3,5.1,94.9,43.12,0.0,56.88,59.66,4.04,36.29,5.33,53.1,41.57,651,1001,801
СибГУ им. М.Ф. Решетнева,Сибирский,Красноярский край,Красноярск,Министерство науки и высшего образования Российской Федерации,True,,False,www.sibsau.ru,Акбулатов Эдхам Шукриевич,True,False,False,False,False,False,False,False,True,False,False,8.6,1786.0,4426.0,50.174,189.035,79.22,20.78,3.76,96.24,62.68,61.95,71.0,12.66,13.6,2.74,78.33,1.94,1.11,18.61,12.21,0.0,1.13,65.14,0.0,2.64,1.79,17.08,9.07,53.02,37.9,0.22,99.78,82.08,0.49,17.42,81.77,3.32,14.91,6.55,39.14,54.31,,,
СФУ,Сибирский,Красноярский край,Красноярск,Министерство науки и высшего образования Российской Федерации,True,Территориальное/отраслевое лидерство,False,http://www.sfu-kras.ru,РУМЯНЦЕВ МАКСИМ ВАЛЕРЬЕВИЧ,True,True,False,False,False,True,False,False,False,False,True,11.4,5155.0,19013.0,329.682,1086.91,77.14,22.86,3.41,96.59,71.87,64.95,61.11,20.9,15.08,2.91,68.1,16.45,2.29,13.16,0.0,1.59,2.12,54.57,0.0,6.14,9.78,25.8,11.17,50.61,38.22,0.86,99.14,78.11,2.71,19.18,82.04,5.7,12.26,6.09,40.38,53.54,1001,1001,
"СПбГЭТУ ""ЛЭТИ""",Северо-Западный,Санкт-Петербург,Санкт-Петербург,Министерство науки и высшего образования Российской Федерации,True,Территориальное/отраслевое лидерство,False,etu.ru,Шелудько Виктор Николаевич,True,False,True,False,False,True,False,False,False,False,False,17.4,3801.0,8854.0,157.721,336.379,78.12,21.88,19.17,80.83,81.6,72.25,74.06,5.5,18.05,2.39,72.47,5.04,1.93,20.56,0.0,0.0,0.0,85.3,0.0,4.82,3.66,6.23,14.02,54.09,31.89,1.36,98.64,74.51,0.22,25.28,72.32,11.59,16.09,7.54,42.51,49.95,701,1201,
СурГУ,Уральский,Ханты-Мансийский автономный округ — Югра,Сургут,Департамент образования и молодежной политики Ханты-Мансийского автономного округа - Югры,False,,True,http://www.surgu.ru,Косенок Сергей Михайлович,True,False,False,False,False,False,False,False,False,False,False,4.6,518.0,894.0,25.541,159.811,81.46,18.54,0.91,99.09,67.15,55.88,52.39,25.76,12.36,9.49,30.61,42.86,8.16,18.37,0.0,2.22,3.11,25.6,17.95,10.75,10.24,30.13,11.92,57.51,30.57,0.26,99.74,0.0,90.41,9.59,89.25,0.05,10.7,11.75,38.76,49.5,,,
Театральный институт имени Бориса Щукина,Центральный,Москва,Москва,Министерство культуры Российской Федерации,True,,False,http://www.htvs.ru,Князев Евгений Владимирович,False,False,False,False,False,False,False,False,False,False,False,20.2,0.0,0.0,91.239,0,54.47,45.53,92.68,7.32,74.3,71.3,0.0,84.96,12.6,2.44,0.0,62.5,12.5,25.0,0.0,100.0,0.0,0.0,0.0,0.0,0.0,0.0,1.67,23.33,75.0,0.0,100.0,64.22,0.0,35.78,64.22,2.12,33.66,4.76,40.82,54.42,,,
ТГУ,Приволжский,Самарская область,Тольятти,Министерство науки и высшего образования Российской Федерации,True,,False,http://tsu.ru,Галажинский Эдуард Владимирович,False,True,False,False,False,True,False,True,False,True,False,36.6,11221.0,78079.0,755.803,1800.088,75.54,24.46,22.53,77.47,80.19,70.95,64.02,11.81,18.36,5.81,74.96,6.0,4.03,15.01,2.11,2.26,0.62,16.01,0.0,15.05,28.95,35.0,20.48,50.28,29.24,2.51,97.49,83.75,0.08,16.17,85.28,4.93,9.79,27.01,32.97,40.02,272,601,901
ТГАСУ,Сибирский,Томская область,Томск,Министерство науки и высшего образования Российской Федерации,False,,True,http://www.tsuab.ru,Власов Виктор Алексеевич,False,False,False,False,False,False,False,False,False,False,False,6.0,717.0,1202.0,24.166,71.778,81.64,18.36,24.21,75.79,69.78,73.66,69.55,10.49,19.24,0.72,71.93,13.09,0.13,14.84,0.0,0.0,0.0,99.92,0.0,0.0,0.0,0.08,16.18,48.55,35.26,0.29,99.71,63.57,0.0,36.43,73.06,12.38,14.55,6.39,45.11,48.5,,,
ТГУ,Сибирский,Томская область,Томск,Министерство науки и высшего образования Российской Федерации,True,Исследовательское лидерство,False,http://tsu.ru,Галажинский Эдуард Владимирович,False,True,False,False,False,True,False,True,False,True,False,36.6,11221.0,78079.0,755.803,1800.088,75.54,24.46,22.53,77.47,80.19,70.95,64.02,11.81,18.36,5.81,74.96,6.0,4.03,15.01,2.11,2.26,0.62,16.01,0.0,15.05,28.95,35.0,20.48,50.28,29.24,2.51,97.49,83.75,0.08,16.17,85.28,4.93,9.79,27.01,32.97,40.02,272,601,901
ТУСУР,Сибирский,Томская область,Томск,Министерство науки и высшего образования Российской Федерации,True,Территориальное/отраслевое лидерство,False,http://www.tusur.ru,Рулевский Виктор Михайлович,False,False,False,False,False,False,False,True,False,False,False,29.4,1625.0,7592.0,130.802,256.576,73.45,26.55,14.28,85.72,68.66,59.84,69.82,15.17,11.85,3.15,69.15,2.13,3.43,25.3,0.0,0.0,0.0,76.64,0.0,0.0,1.83,21.54,14.98,48.07,36.96,0.48,99.52,58.31,0.0,41.69,58.53,20.03,21.44,43.2,27.6,29.2,,1201,
ТПУ,Сибирский,Томская область,Томск,Министерство науки и высшего образования Российской Федерации,True,Исследовательское лидерство,False,http://tpu.ru,Седнев Дмитрий Андреевич,False,False,False,False,False,True,False,True,False,True,False,31.1,11135.0,60989.0,905.771,1715.606,92.32,7.68,25.0,75.0,79.61,66.33,52.63,10.03,29.03,8.31,55.31,10.09,4.7,29.9,0.0,1.05,0.0,92.24,0.0,0.0,5.82,0.89,15.74,57.34,26.91,1.93,98.07,69.29,0.0,30.71,76.82,14.75,8.43,22.9,35.91,41.19,395,801,
ТГПУ им. Л.Н. Толстого,Центральный,Тульская область,Тула,Министерство просвещения Российской Федерации,False,,True,http://tsput.ru,Панин Владимир Алексеевич,True,False,False,False,False,False,False,False,False,False,False,8.4,199.0,574.0,14.137,80.055,69.12,30.88,3.99,96.01,70.04,62.94,87.38,5.99,6.04,0.6,71.25,19.38,1.25,8.13,4.01,0.0,66.83,2.62,3.68,8.73,10.0,4.13,13.74,66.77,19.49,0.0,100.0,69.84,0.0,30.16,57.22,8.38,34.39,5.63,45.17,49.21,,,
ТулГУ,Центральный,Тульская область,Тула,Министерство науки и высшего образования Российской Федерации,False,,True,https://tsu.tula.ru/,Кравченко Олег Александрович,True,False,False,False,False,False,False,True,True,False,False,4.8,897.0,2055.0,74.408,237.858,66.2,33.8,4.13,95.87,68.28,61.83,55.97,29.06,9.82,5.14,28.15,46.0,17.62,8.24,0.0,1.11,0.16,53.15,11.42,3.11,4.42,26.62,19.23,58.74,22.03,0.0,100.0,67.21,0.24,32.55,59.73,3.81,36.46,5.97,39.9,54.13,,,
ТюмГУ,Уральский,Тюменская область,Тюмень,Министерство науки и высшего образования Российской Федерации,True,Территориальное/отраслевое лидерство,False,www.utmn.ru,Романчук Иван Сергеевич,True,False,True,False,False,True,True,True,False,False,False,15.9,1923.0,7422.0,628.0,512.25,40.52,59.48,10.41,89.59,80.21,63.42,70.28,17.27,10.36,2.08,79.43,8.54,1.3,10.73,0.8,0.35,10.98,11.64,0.0,11.84,19.25,45.15,13.34,52.1,34.56,3.43,96.57,54.93,7.77,37.3,63.03,3.66,33.31,7.46,41.03,51.51,801,1201,
УлГУ,Приволжский,Ульяновская область,Ульяновск,Министерство науки и высшего образования Российской Федерации,True,,False,http://ulsu.ru,Костишко Борис Михайлович,True,False,False,False,False,False,False,False,True,False,False,13.9,807.0,2779.0,78.078,210.275,45.8,54.2,21.99,78.01,63.73,59.98,35.13,54.37,3.04,7.46,5.02,93.46,1.17,0.35,1.06,1.26,0.0,13.24,44.74,4.71,6.67,28.32,19.19,57.01,23.8,0.38,99.62,51.94,1.44,46.62,54.44,10.54,35.02,4.94,39.62,55.44,,,
МГЮА,Центральный,Москва,Москва,Министерство науки и высшего образования Российской Федерации,True,,False,http://www.msal.ru,Блажеев Виктор Владимирович,False,False,False,False,False,False,False,True,False,False,False,6.2,274.0,446.0,5.983,39.02,56.97,43.03,3.17,96.83,94.4,72.22,60.09,25.19,12.01,2.71,91.04,2.99,0.5,5.47,0.0,0.0,0.0,0.0,0.0,0.0,0.0,100.0,22.07,66.8,11.13,0.39,99.61,50.34,0.23,49.43,49.07,1.69,49.25,2.12,54.29,43.58,,,
ИТМО,Северо-Западный,Санкт-Петербург,Санкт-Петербург,Министерство науки и высшего образования Российской Федерации,True,Исследовательское лидерство,False,http://www.ifmo.ru,Васильев Владимир Николаевич,False,False,False,False,False,True,False,False,False,True,False,36.9,11816.0,74966.0,939.335,1573.57,72.94,27.06,18.17,81.83,93.64,77.6,49.39,0.68,43.54,6.39,52.47,0.04,3.27,44.22,0.0,0.0,1.0,85.6,0.0,2.15,8.32,2.93,14.31,52.57,33.13,7.62,92.38,61.23,0.0,38.77,62.65,29.01,8.34,37.31,20.13,42.57,365,601,NaN
СПбГУПТД,Северо-Западный,Санкт-Петербург,Санкт-Петербург,Министерство науки и высшего образования Российской Федерации,True,,False,http://www.sutd.ru,Демидов Алексей Вячеславович,False,False,False,False,False,False,False,False,False,False,False,10.8,470.0,682.0,12.883,144.36,51.68,48.32,7.92,92.08,82.04,65.67,88.6,2.97,6.97,1.46,85.98,1.27,1.42,11.33,0.0,21.32,1.76,47.55,0.0,0.07,1.04,28.27,15.78,69.04,15.17,0.46,99.54,61.51,0.3,38.18,56.1,10.32,33.58,15.09,51.81,33.1,,,
УГГУ,Уральский,Свердловская область,Екатеринбург,Министерство науки и высшего образования Российской Федерации,True,,False,http://www.ursmu.ru,Душин Алексей Владимирович,True,False,False,False,False,False,False,False,False,False,False,8.2,369.0,348.0,16.647,76.749,72.72,27.28,4.62,95.38,62.57,60.64,42.35,52.57,3.9,1.19,39.57,40.64,2.67,17.11,0.0,0.61,0.0,85.57,0.0,0.23,2.58,11.01,15.76,47.55,36.69,0.26,99.74,62.85,0.0,37.15,57.82,5.47,36.71,11.6,47.78,40.62,,,
УрФУ,Уральский,Свердловская область,Екатеринбург,Министерство науки и высшего образования Российской Федерации,True,Исследовательское лидерство,False,http://www.urfu.ru,Кокшаров Виктор Анатольевич,True,True,False,False,False,True,True,True,False,False,True,23.5,14070.0,55537.0,1144.254,2721.795,62.53,37.47,12.82,87.18,78.62,67.73,70.4,11.34,14.81,3.45,81.57,2.15,2.25,14.03,0.0,1.42,0.14,52.91,1.03,9.1,9.23,26.18,13.89,49.45,36.66,0.38,99.62,60.78,0.12,39.11,66.09,13.1,20.8,21.56,38.05,40.38,351,1001,701
УГНТУ,Приволжский,Республика Башкортостан,Уфа,Министерство науки и высшего образования Российской Федерации,True,Территориальное/отраслевое лидерство,False,http://www.rusoil.net,Баулин Олег Александрович,True,False,True,False,False,False,False,True,True,False,False,11.6,1805.0,4811.0,94.226,329.894,61.14,38.86,6.38,93.62,74.56,58.98,64.82,12.36,20.48,2.34,65.42,11.96,2.59,20.03,0.0,1.37,0.0,79.63,0.0,0.0,0.81,18.18,14.38,60.11,25.51,0.65,99.35,49.7,0.15,50.15,52.2,10.62,37.17,3.66,41.24,55.1,,,
ПНИПУ,Приволжский,Пермский край,Пермь,Министерство науки и высшего образования Российской Федерации,True,,False,http://www.pstu.ru,Ташкинов Анатолий Александрович,True,False,False,False,False,False,False,False,False,True,False,41.3,2206.0,4290.0,210.859,272.296,79.8,20.2,4.66,95.34,68.97,64.91,61.67,17.94,15.23,5.16,90.97,4.05,0.31,4.67,0.0,0.0,0.0,83.69,0.0,3.56,2.69,10.07,15.23,57.49,27.27,0.12,99.88,54.49,3.59,41.92,56.72,31.57,11.7,10.78,34.54,54.69,,1201,
ФГАОУ ВО РНИМУ им. Н.И. Пирогова Минздрава России,Центральный,Москва,Москва,Министерство здравоохранения Российской Федерации,True,Исследовательское лидерство,False,http://rsmu.ru,ЛУКЬЯНОВ СЕРГЕЙ АНАТОЛЬЕВИЧ,False,False,False,True,False,False,False,False,False,True,False,27.1,4928.0,18453.0,106.04,1240.933,76.18,23.82,3.64,96.36,90.45,72.42,1.59,78.95,0.44,19.02,0.0,81.22,18.53,0.25,0.0,0.0,0.0,0.0,94.72,0.0,1.54,3.74,25.72,53.49,20.79,0.53,99.47,66.3,0.0,33.7,66.57,16.7,16.72,6.97,27.0,66.03,,1201,
РУТ (МИИТ),Центральный,Москва,Москва,Министерство транспорта Российской Федерации,True,Территориальное/отраслевое лидерство,False,https://rut-miit.ru,Климов Александр Алексеевич,False,False,False,False,False,False,False,False,False,False,False,11.2,964.0,2099.0,47.91,122.433,49.65,50.35,3.25,96.75,67.23,54.13,46.95,41.21,8.49,3.35,67.68,20.81,1.21,10.3,0.0,0.0,0.0,57.98,0.0,1.16,0.51,40.35,16.86,57.28,25.86,0.18,99.82,48.44,0.0,51.56,51.25,11.18,37.57,10.22,38.71,51.08,,,
КалмГУ,Южный,Республика Калмыкия,Элиста,Министерство науки и высшего образования Российской Федерации,False,,True,http://www.kalmgu.ru,Салаев Бадма Катинович,False,False,False,False,False,False,False,False,True,False,False,2.8,265.0,406.0,9.858,69.787,73.35,26.65,24.05,75.95,67.11,60.52,71.1,9.4,18.54,0.96,85.77,4.39,0.19,9.65,13.36,0.4,13.17,7.93,1.71,16.95,16.63,29.85,13.74,57.69,28.57,0.0,100.0,76.47,0.04,23.48,77.48,2.71,19.82,1.54,46.85,51.61,,,
КГЭУ,Приволжский,Республика Татарстан,Казань,Министерство науки и высшего образования Российской Федерации,True,,False,http://www.kgeu.ru,Абдуллазянов Эдвард Юнусович,False,False,False,False,False,False,False,False,False,False,False,17.4,1331.0,3137.0,50.904,143.523,80.18,19.82,3.73,96.27,72.74,69.04,82.78,0.0,16.11,1.1,76.92,0.0,8.88,14.2,0.59,0.0,0.0,86.63,0.0,0.53,1.66,10.58,15.95,63.54,20.51,0.0,100.0,64.12,0.35,35.52,57.94,13.05,29.0,9.42,56.35,34.24,,,
"ФГБОУ ВО ""КНИТУ""",Приволжский,Республика Татарстан,Казань,Министерство науки и высшего образования Российской Федерации,True,,False,http://www.kstu.ru,Казаков Юрий Михайлович,False,False,False,False,False,False,False,True,False,True,False,24.5,2172.0,6810.0,110.49,370.416,84.55,15.45,17.06,82.94,69.6,60.41,58.43,7.89,30.76,2.91,72.78,0.0,1.16,26.05,2.22,1.18,0.93,86.17,0.05,0.0,1.98,7.47,18.53,65.96,15.51,0.6,99.4,61.94,1.32,36.74,63.36,22.94,13.7,13.2,32.37,54.43,801,1201,
"ФГБОУ ВО ""МГТУ ""СТАНКИН""",Центральный,Москва,Москва,Министерство науки и высшего образования Российской Федерации,True,,False,http://stankin.ru,Серебренный Владимир Валерьевич,True,False,False,False,False,False,False,True,False,False,False,22.0,1054.0,3741.0,126.051,212.279,92.12,7.88,9.81,90.19,72.12,62.91,63.8,5.91,23.29,7.0,47.58,1.85,7.39,43.19,0.0,0.0,0.0,94.59,0.0,0.0,0.0,5.41,17.15,47.09,35.76,4.94,95.06,86.2,0.0,13.8,89.27,7.0,3.73,15.4,47.71,36.89,,,
НИУ МГСУ,Центральный,Москва,Москва,Министерство науки и высшего образования Российской Федерации,True,,False,http://www.mgsu.ru,Акимов Павел Алексеевич,False,False,False,False,False,False,False,False,False,True,False,20.6,4573.0,10710.0,60.058,177.395,72.64,27.36,2.96,97.04,74.19,62.01,69.32,10.71,17.23,2.74,71.71,5.59,0.99,21.71,0.0,0.0,0.0,88.77,0.0,0.0,1.88,9.35,14.27,56.36,29.38,0.28,99.72,66.6,0.28,33.12,65.47,15.97,18.55,17.36,33.96,48.68,,601,
НГТУ,Приволжский,Нижегородская область,Нижний Новгород,Министерство науки и высшего образования Российской Федерации,True,Территориальное/отраслевое лидерство,False,www.nntu.ru,Дмитриев Сергей Михайлович,True,False,False,False,False,False,False,False,True,False,False,28.5,1461.0,4357.0,139.732,297.481,89.21,10.79,3.75,96.25,69.28,61.38,64.36,14.71,17.52,3.41,82.88,0.0,1.8,15.32,0.0,0.0,0.0,94.43,0.0,0.38,3.8,1.39,17.17,56.66,26.16,0.0,100.0,64.76,0.37,34.88,66.33,19.83,13.84,10.24,41.15,48.61,801,1201,
"ФГБОУ ВО ""ПИМУ"" Минздрава России",Приволжский,Нижегородская область,Нижний Новгород,Министерство здравоохранения Российской Федерации,True,Территориальное/отраслевое лидерство,False,https://pimunn.ru/,Карякин Николай Николаевич,True,False,False,False,False,False,False,False,False,False,False,15.8,1067.0,4248.0,35.062,292.325,47.02,52.98,23.13,76.87,86.33,63.44,0.12,84.32,0.05,15.51,0.0,94.26,5.74,0.0,0.0,0.0,0.0,0.0,99.86,0.0,0.06,0.08,20.18,56.14,23.68,0.0,100.0,47.92,0.0,52.08,44.35,7.84,47.81,2.45,55.77,41.78,,1201,
"""Чеченский государственный университет имени А.А. Кадырова""",Северо-Кавказский,Чеченская Республика,Грозный,Министерство науки и высшего образования Российской Федерации,True,,False,http://www.chesu.ru,Саидов Заурбек Асланбекович,False,False,False,False,False,False,True,True,False,False,False,5.4,395.0,462.0,5.246,29.991,89.78,10.22,2.06,97.94,61.52,58.58,64.51,31.62,3.09,0.78,24.43,72.73,0.0,2.84,6.35,1.7,2.69,3.25,26.53,8.96,18.31,32.21,12.15,43.02,44.83,0.49,99.51,81.01,0.0,18.99,81.3,4.68,14.01,4.53,64.17,31.3,,,
ФГБОУ ВО «ЗабГУ»,Дальневосточный,Забайкальский край,Чита,Министерство науки и высшего образования Российской Федерации,False,,True,http://www.zabgu.ru,Иванов Сергей Анатольевич,False,False,False,False,False,False,False,False,False,False,False,2.0,233.0,367.0,6.792,53.701,79.0,21.0,2.33,97.67,62.76,57.61,71.77,15.68,11.51,1.03,59.84,0.0,8.2,31.97,0.0,0.71,29.26,31.5,0.0,4.74,3.23,30.57,13.27,60.37,26.36,0.17,99.83,76.65,0.0,23.35,74.61,1.47,23.91,4.53,50.21,45.26,,,
ИРНИТУ,Сибирский,Иркутская область,Иркутск,Министерство науки и высшего образования Российской Федерации,True,Территориальное/отраслевое лидерство,False,http://www.istu.edu,Корняков Михаил Викторович,True,False,False,False,False,False,False,True,False,True,False,9.5,1878.0,4217.0,65.313,194.612,77.09,22.91,9.28,90.72,67.39,58.56,62.4,17.18,18.12,2.3,73.94,12.1,1.85,12.1,0.0,1.45,0.0,86.94,0.0,0.0,0.13,11.48,10.87,64.85,24.27,1.64,98.36,72.45,0.0,27.55,68.54,6.08,25.38,7.4,36.81,55.79,,,
"ФГБОУ ВО ""Марийский государственный университет""",Приволжский,Республика Марий Эл,Йошкар-Ола,Министерство науки и высшего образования Российской Федерации,True,,False,http://www.marsu.ru,Швецов Михаил Николаевич,False,False,False,False,False,False,False,False,True,False,False,6.2,508.0,990.0,24.535,86.483,62.44,37.56,32.35,67.65,65.84,63.1,52.04,38.15,8.31,1.51,15.28,82.55,0.26,1.9,6.13,0.98,21.71,7.74,36.04,4.43,11.1,11.87,12.5,67.55,19.95,0.0,100.0,68.77,0.0,31.23,65.06,4.13,30.8,6.32,49.47,44.21,,,
РЭУ им. Г.В. Плеханова,Центральный,Москва,Москва,Министерство науки и высшего образования Российской Федерации,True,,False,http://www.rea.ru/,Лобанов Иван Васильевич,False,False,False,False,False,False,False,True,False,False,False,5.4,3616.0,14456.0,143.874,428.77,28.42,71.58,2.38,97.62,89.95,73.05,75.15,9.33,13.18,2.34,67.98,7.25,4.23,20.54,0.0,0.76,0.0,7.16,0.0,4.78,2.22,85.09,19.98,57.89,22.13,2.25,97.75,41.16,2.03,56.8,44.34,1.61,54.05,4.49,39.48,56.03,701,501,
ТГУ имени Г.Р. Державина,Центральный,Тамбовская область,Тамбов,Министерство науки и высшего образования Российской Федерации,True,,False,http://www.tsutmb.ru,Стромов Владимир Юрьевич,True,False,False,False,False,False,False,False,False,False,False,11.6,541.0,1263.0,41.134,136.738,39.37,60.63,27.64,72.36,69.8,60.36,37.94,52.84,4.82,4.39,2.72,95.05,1.86,0.36,0.0,2.66,7.97,4.58,45.36,8.03,8.51,22.9,17.91,67.83,14.26,1.0,99.0,41.87,4.85,53.28,44.06,3.64,52.29,15.89,36.3,47.8,,,
ТОГУ,Дальневосточный,Хабаровский край,Хабаровск,Министерство науки и высшего образования Российской Федерации,True,,False,http://pnu.edu.ru,Иванченко Сергей Николаевич,False,True,False,False,False,False,False,False,False,False,False,11.1,594.0,1010.0,28.469,86.58,65.3,34.7,10.74,89.26,67.45,61.62,76.7,10.63,11.78,0.9,93.2,0.65,1.18,4.97,2.07,0.82,17.62,40.39,0.0,10.18,2.24,26.67,11.29,49.33,39.38,0.15,99.85,69.56,4.16,26.28,73.41,2.56,24.03,6.35,49.67,43.99,,,
УдГУ,Приволжский,Удмуртская республика,Ижевск,Министерство науки и высшего образования Российской Федерации,True,,False,http://www.udsu.ru,Мерзлякова Галина Витальевна,False,True,False,False,False,False,False,False,False,False,False,9.4,661.0,1918.0,61.356,196.356,67.22,32.78,3.86,96.14,69.38,63.78,75.17,11.59,12.39,0.85,81.79,1.43,1.79,15.0,0.0,3.94,9.89,21.09,0.0,12.21,19.4,33.47,10.2,61.49,28.3,0.43,99.57,66.47,0.0,33.53,63.25,2.96,33.79,7.96,45.02,47.02,,,
Казанский ГМУ Минздрава России,Приволжский,Республика Татарстан,Казань,Министерство здравоохранения Российской Федерации,False,,True,http://www.kazangmu.ru,Созинов Алексей Станиславович,False,False,False,False,False,False,False,False,False,False,False,4.6,1451.0,5840.0,33.088,338.224,47.26,52.74,23.95,76.05,86.35,72.39,2.32,84.48,0.0,13.2,0.46,95.43,4.11,0.0,0.0,0.0,0.0,0.0,99.38,0.0,0.0,0.62,28.47,55.47,16.06,0.0,100.0,48.05,0.0,51.95,49.2,4.55,46.25,2.67,45.67,51.67,,,
Кубанский ГАУ,Южный,Краснодарский край,Краснодар,Министерство сельского хозяйства Российской Федерации,True,Территориальное/отраслевое лидерство,False,http://www.kubsau.ru,Трубилин Александр Иванович,False,False,False,False,False,False,False,False,False,False,False,11.7,973.0,3401.0,12.012,58.048,46.4,53.6,3.53,96.47,68.44,63.67,71.88,16.5,10.35,1.27,74.61,5.02,1.88,18.5,28.69,0.0,0.0,27.4,0.0,0.0,2.21,41.7,19.49,59.24,21.27,0.0,100.0,33.19,0.68,66.13,43.01,9.49,47.5,6.1,34.15,59.75,,,
МГМСУ имени А.И.Евдокимова Минздрава России,Центральный,Москва,Москва,Министерство здравоохранения Российской Федерации,True,,False,http://www.msmsu.ru/,Янушевич Олег Олегович,False,False,False,False,False,False,False,False,False,False,False,39.2,1635.0,3803.0,19.623,440.176,47.07,52.93,7.97,92.03,89.35,70.26,1.72,82.17,0.07,16.03,0.8,84.69,14.51,0.0,0.0,0.0,0.0,0.0,94.74,0.0,0.0,5.26,23.96,61.93,14.11,0.0,100.0,50.05,0.0,49.95,55.13,18.78,26.09,2.85,36.91,60.24,,,
МГППУ,Центральный,Москва,Москва,Министерство просвещения Российской Федерации,False,,True,http://мгппу.рф,Марголис Аркадий Аронович,False,False,False,False,False,False,False,False,False,False,False,2.6,441.0,1111.0,35.886,153.152,92.32,7.68,1.16,98.84,74.38,67.06,40.06,24.95,33.88,1.11,42.55,17.02,0.0,40.43,0.0,0.99,39.76,2.47,0.0,2.93,1.79,52.07,8.51,44.68,46.81,1.06,98.94,86.54,1.74,11.73,88.37,2.09,9.54,11.03,53.87,35.1,,,
ПГУПС,Северо-Западный,Санкт-Петербург,Санкт-Петербург,Федеральное агентство железнодорожного транспорта,True,,False,http://www.pgups.ru,Панычев Александр Юрьевич,False,False,False,False,False,False,False,False,False,False,False,18.1,746.0,2036.0,39.258,82.415,60.18,39.82,11.27,88.73,66.52,55.81,35.79,55.86,4.34,4.02,48.04,35.91,4.29,11.76,0.0,0.0,0.0,77.86,0.0,0.0,0.0,22.14,16.2,65.69,18.1,0.29,99.71,43.98,0.0,56.02,46.16,22.52,31.32,3.06,37.43,59.51,,,
ПСПбГМУ им. И.П. Павлова Минздрава России,Северо-Западный,Санкт-Петербург,Санкт-Петербург,Министерство здравоохранения Российской Федерации,True,,False,http://www.1spbgmu.ru,Багненко Сергей Федорович,False,False,False,False,False,False,False,False,False,False,False,14.5,1958.0,10026.0,49.184,512.392,62.15,37.85,10.02,89.98,93.57,75.05,1.95,77.34,0.15,20.56,0.0,86.56,13.44,0.0,0.0,0.0,0.0,0.0,97.44,0.08,0.0,2.48,21.95,53.81,24.24,0.13,99.87,63.03,0.0,36.97,56.63,8.6,34.77,10.7,52.71,36.59,,1201,
РГАУ-МСХА имени К.А. Тимирязева,Центральный,Москва,Москва,Министерство сельского хозяйства Российской Федерации,True,Исследовательское лидерство,False,www.timacad.ru,Трухачев Владимир Иванович,True,False,True,False,False,False,False,False,False,False,False,10.2,778.0,2351.0,33.641,117.975,82.6,17.4,3.98,96.02,67.35,61.77,75.75,7.07,14.82,2.35,67.44,2.07,2.58,27.91,45.73,0.0,1.56,33.88,0.0,0.0,7.96,10.88,23.82,54.06,22.12,0.79,99.21,80.64,0.0,19.36,81.3,5.53,13.17,0.85,40.77,58.38,1201,,
СамГМУ Минздрава России,Приволжский,Самарская область,Самара,Министерство здравоохранения Российской Федерации,True,Территориальное/отраслевое лидерство,False,http://www.samsmu.ru,Колсанов Александр Владимирович,True,False,False,False,False,False,False,False,False,False,False,14.2,782.0,1139.0,10.415,301.385,63.11,36.89,7.75,92.25,73.1,64.65,1.07,81.81,0.0,17.12,0.0,89.91,10.09,0.0,0.0,0.0,0.0,0.0,96.99,0.0,0.0,3.01,26.88,52.29,20.83,0.0,100.0,43.32,0.26,56.42,56.34,13.72,29.95,16.7,42.18,41.12,,,
Саратовский ГАУ,Приволжский,Саратовская область,Саратов,Министерство сельского хозяйства Российской Федерации,True,,False,www.sgau.ru,Соловьев Дмитрий Александрович,False,False,False,False,False,False,False,False,False,False,False,13.8,359.0,859.0,14.915,62.333,81.91,18.09,14.81,85.19,57.34,46.15,62.18,21.74,12.31,3.77,63.22,31.03,0.49,5.25,50.63,0.0,0.0,36.97,0.0,0.0,3.22,9.18,20.45,66.48,13.07,0.0,100.0,67.67,0.0,32.33,70.62,12.78,16.59,3.12,27.48,69.4,,,
СГМУ (г.Архангельск) Минздрава России,Северо-Западный,Архангельская область,Архангельск,Министерство здравоохранения Российской Федерации,False,,True,http://www.nsmu.ru/,Горбатова Любовь Николаевна,True,False,False,False,False,False,False,False,False,False,False,2.8,466.0,3478.0,10.332,108.679,60.68,39.32,24.96,75.04,75.6,60.78,0.97,88.06,0.27,10.69,0.0,98.8,1.2,0.0,0.0,0.0,0.0,0.0,97.13,0.33,0.0,2.53,22.8,57.0,20.2,0.33,99.67,63.55,0.19,36.26,66.85,0.67,32.49,2.58,44.05,53.37,,,
ФГБОУ ВО СГМУ Минздрава России,Центральный,Смоленская область,Смоленск,Министерство здравоохранения Российской Федерации,True,,False,http://www.smolgmu.ru,Козлов Роман Сергеевич,False,False,False,False,False,False,False,False,False,False,False,6.5,187.0,942.0,3.119,47.848,45.01,54.99,25.67,74.33,72.3,61.21,0.0,90.12,0.0,9.88,0.0,98.57,1.43,0.0,0.0,0.0,0.0,0.0,98.01,0.0,0.0,1.99,15.43,53.48,31.09,0.0,100.0,51.81,0.0,48.19,53.65,4.25,42.1,5.95,46.42,47.63,,,
ФГБОУ ВО СибГМУ Минздрава России,Сибирский,Томская область,Томск,Министерство здравоохранения Российской Федерации,True,Территориальное/отраслевое лидерство,False,http://www.ssmu.ru,Куликов Евгений Сергеевич,False,False,False,False,False,False,False,False,True,False,False,8.8,1241.0,4147.0,27.296,293.217,65.72,34.28,20.63,79.37,78.72,62.12,1.11,85.43,0.0,13.46,0.34,92.2,7.46,0.0,0.0,0.0,0.0,0.0,95.5,0.0,0.0,4.5,28.08,52.48,19.44,0.22,99.78,49.54,3.41,47.06,60.43,8.53,31.04,4.78,21.26,73.97,,,
Ставропольский ГАУ,Северо-Кавказский,Ставропольский край,Ставрополь,Министерство сельского хозяйства Российской Федерации,True,Территориальное/отраслевое лидерство,False,http://www.stgau.ru,Трухачёв Александр Владимирович,False,False,False,False,False,False,False,False,False,False,False,11.6,606.0,1956.0,25.013,50.144,61.97,38.03,2.54,97.46,61.78,62.59,67.91,20.09,10.1,1.9,67.27,7.27,4.55,20.91,36.02,0.0,0.0,24.56,0.0,0.0,2.75,36.67,21.81,70.82,7.37,0.28,99.72,53.95,6.1,39.95,47.13,10.68,42.18,3.7,43.53,52.77,,,
Тюменский ГМУ Минздрава России,Уральский,Тюменская область,Тюмень,Министерство здравоохранения Российской Федерации,True,,False,http://www.tyumsmu.ru,Петров Иван Михайлович,True,False,False,False,False,False,False,False,False,False,False,10.1,326.0,375.0,0.0,1.015,59.74,40.26,4.46,95.54,75.65,64.94,2.0,86.67,0.27,11.06,1.85,91.67,6.48,0.0,0.0,0.0,0.0,0.0,100.0,0.0,0.0,0.0,25.42,59.78,14.8,0.0,100.0,61.1,0.0,38.9,55.83,9.89,34.28,5.25,42.72,52.03,,,
ФГБОУ ВО УГМУ Минздрава России,Уральский,Свердловская область,Екатеринбург,Министерство здравоохранения Российской Федерации,False,,True,http://www.usma.ru,Ковтун Ольга Петровна,True,False,False,False,False,False,False,False,False,False,False,4.9,582.0,1350.0,11.524,161.84,51.6,48.4,6.82,93.18,85.1,58.86,0.52,86.73,0.4,12.35,0.22,93.65,6.13,0.0,0.0,0.0,0.0,0.0,96.54,0.0,0.0,3.46,23.33,48.07,28.6,0.0,100.0,54.65,0.09,45.26,64.94,0.79,34.27,2.27,51.87,45.86,,,
ЮЗГУ,Центральный,Курская область,Курск,Министерство науки и высшего образования Российской Федерации,True,,False,http://www.swsu.ru,Емельянов Сергей Геннадьевич,False,False,False,False,False,False,False,True,False,False,False,11.2,1336.0,3005.0,38.037,185.594,48.26,51.74,10.84,89.16,69.44,57.39,59.79,22.79,13.04,4.39,78.67,7.11,2.63,11.59,0.0,0.3,0.0,50.15,0.99,1.93,1.9,44.73,14.51,70.31,15.18,0.89,99.11,52.62,0.0,47.38,47.13,8.91,43.96,9.61,35.87,54.52,,1201,
"ФГАОУ ВО ""ЮУрГУ (НИУ)""",Уральский,Челябинская область,Челябинск,Министерство науки и высшего образования Российской Федерации,True,Исследовательское лидерство,False,https://www.susu.ru/,Шестаков Александр Леонидович,True,False,False,False,False,True,False,False,False,True,False,17.1,5230.0,22505.0,412.467,946.027,63.42,36.58,11.0,89.0,68.59,61.2,67.0,18.94,10.79,3.26,75.77,5.37,3.03,15.83,0.0,0.47,1.07,57.1,0.0,4.68,7.04,29.63,12.62,54.47,32.91,0.3,99.7,62.29,0.0,37.71,54.01,10.91,35.08,6.87,34.48,58.65,801,1001,
Южный федеральный университет,Южный,Ростовская область,Ростов-На-Дону,Министерство науки и высшего образования Российской Федерации,True,Исследовательское лидерство,False,http://www.sfedu.ru,Шевченко Инна Константиновна,True,True,False,False,False,False,False,True,False,False,True,31.0,6127.0,23298.0,479.988,1324.046,81.62,18.38,10.99,89.01,76.45,70.89,62.55,9.26,23.14,5.05,77.29,4.04,3.67,15.0,0.0,2.23,19.28,29.78,0.0,9.13,16.55,23.04,16.11,56.55,27.34,0.11,99.89,61.32,0.0,38.68,61.42,25.93,12.65,28.47,37.94,33.59,531,1201,
ЮРГПУ(НПИ),Южный,Ростовская область,Новочеркасск,Министерство науки и высшего образования Российской Федерации,True,,False,http://www.npi-tu.ru,Разоренов Юрий Иванович,True,False,False,False,False,False,False,False,False,False,False,11.3,1136.0,2447.0,44.649,179.2,89.04,10.96,8.01,91.99,60.41,56.67,63.23,17.5,17.11,2.17,70.74,12.63,1.4,15.23,0.0,0.15,0.0,90.9,0.0,0.0,3.12,5.82,15.53,55.93,28.55,0.33,99.67,77.75,0.0,22.25,81.81,7.39,10.8,14.1,42.88,43.02,,,
ЯрГУ,Центральный,Ярославская область,Ярославль,Министерство науки и высшего образования Российской Федерации,True,,False,http://www.uniyar.ac.ru,Русаков Александр Ильич,False,True,False,False,False,False,False,False,True,False,False,13.8,970.0,3424.0,74.707,249.329,66.74,33.26,0.69,99.31,77.35,65.38,78.2,2.61,16.68,2.51,65.71,0.0,14.29,20.0,0.0,0.0,0.49,15.08,0.0,7.42,28.1,48.91,19.9,53.66,26.44,0.0,100.0,69.48,0.0,30.52,70.12,5.02,24.86,12.4,41.93,45.66,,,
