id,name,shortName,group,location,city,founder,region,isBase,isSpecial,isCandidate,special,regionCode
u1dpt3iyms,Федеральное государственное бюджетное образовательное учреждение высшего образования «Адыгейский государственный университет»,АГУ,1,Республика Адыгея,Майкоп,Министерство науки и высшего образования Российской Федерации,Южный,True,False,False,,south
8zd4kctsoz,Федеральное государственное бюджетное образовательное учреждение высшего образования «Академия Русского балета имени А.Я. Вагановой»,Академия Русского балета имени А.Я. Вагановой,2,Санкт-Петербург,Санкт-Петербург,Министерство культуры Российской Федерации,Северо-Западный,True,False,False,,north
ctiqcaywqm,Федеральное государственное бюджетное образовательное учреждение высшего образования «Алтайский государственный университет»,АлтГУ,1,Алтайский край,Барнаул,Министерство науки и высшего образования Российской Федерации,Сибирский,True,False,False,,siberia
sisytkom7x,Федеральное государственное бюджетное образовательное учреждение высшего образования «Амурский государственный университет»,АмГУ,3,Амурская область,Благовещенск,Министерство науки и высшего образования Российской Федерации,Дальневосточный,False,False,True,,vostok
chokaxj6xy,Федеральное государственное бюджетное образовательное учреждение высшего образования «Астраханский государственный университет»,АГУ,4,Астраханская область,Астрахань,Министерство науки и высшего образования Российской Федерации,Южный,True,False,False,,south
wmyddq5cst,Федеральное государственное автономное образовательное учреждение высшего образования «Балтийский федеральный университет имени Иммануила Канта»,БФУ им. И. Канта,1,Калининградская область,Калининград,Министерство науки и высшего образования Российской Федерации,Северо-Западный,True,True,False,Территориальное/отраслевое лидерство,north
59rlnpjpsk,Федеральное государственное бюджетное образовательное учреждение высшего образования «Башкирский государственный медицинский университет» Министерства здравоохранения Российской Федерации,ФГБОУ ВО БГМУ Минздрава России,1,Республика Башкортостан,Уфа,Министерство здравоохранения Российской Федерации,Приволжский,True,True,False,Территориальное/отраслевое лидерство,volga
la5zy15hzd,Федеральное государственное бюджетное образовательное учреждение высшего образования «Башкирский государственный университет»,БашГУ,1,Республика Башкортостан,Уфа,Министерство науки и высшего образования Российской Федерации,Приволжский,True,True,False,Территориальное/отраслевое лидерство,volga
h0zsw2fc5f,Федеральное государственное автономное образовательное учреждение высшего образования «Белгородский государственный национальный исследовательский университет»,НИУ «БелГУ»,1,Белгородская область,Белгород,Министерство науки и высшего образования Российской Федерации,Центральный,True,True,False,Территориальное/отраслевое лидерство,central
augafldhak,Федеральное государственное бюджетное образовательное учреждение высшего образования «Белгородский государственный технологический университет им. В.Г. Шухова»,БГТУ им. В.Г. Шухова,1,Белгородская область,Белгород,Министерство науки и высшего образования Российской Федерации,Центральный,True,False,False,,central
4twacwymeq,Федеральное государственное бюджетное военное образовательное учреждение высшего образования «Военно-медицинская академия имени С.М.Кирова»,Военномедицинская академия имени С.М.Кирова,1,Санкт-Петербург,Санкт-Петербург,Министерство обороны Российской Федерации,Северо-Западный,True,False,False,,north
nnspgco3o5,Федеральное государственное бюджетное образовательное учреждение высшего образования «Волгоградский государственный технический университет»,ВолгГТУ,1,Волгоградская область,Волгоград,Министерство науки и высшего образования Российской Федерации,Южный,True,False,False,,south
ikjhxjkd0c,Федеральное государственное бюджетное образовательное учреждение высшего образования «Всероссийский государственный институт кинематографии имени С.А.Герасимова»,Всероссийский государственный институт кинематографии имени С.А.Герасимова,2,Москва,Москва,Министерство культуры Российской Федерации,Центральный,True,False,False,,central
pulxqiuofj,Федеральное государственное автономное образовательное учреждение высшего образования «Национальный исследовательский университет «Высшая школа экономики»,НИУ ВШЭ,1,Москва,Москва,Правительство Российской Федерации,Центральный,True,True,False,Исследовательское лидерство,central
vbclqozcgs,Федеральное государственное бюджетное образовательное учреждение высшего образования «Вятский государственный университет»,ВятГУ,1,Кировская область,Киров,Министерство науки и высшего образования Российской Федерации,Приволжский,True,False,False,,volga
ooewss7xgo,Федеральное государственное бюджетное образовательное учреждение высшего образования «Санкт-Петербургский горный университет»,СПГУ,1,Санкт-Петербург,Санкт-Петербург,Министерство науки и высшего образования Российской Федерации,Северо-Западный,True,True,False,Не претендует,north
irhvwcr7sy,Федеральное государственное автономное образовательное учреждение высшего образования «Дальневосточный федеральный университет»,ДВФУ,1,Приморский край,Владивосток,Министерство науки и высшего образования Российской Федерации,Дальневосточный,True,True,False,Территориальное/отраслевое лидерство,vostok
kglkemmeya,Федеральное государственное бюджетное образовательное учреждение высшего образования «Донской государственный технический университет»,ДГТУ,1,Ростовская область,Ростов-На-Дону,Министерство науки и высшего образования Российской Федерации,Южный,True,False,False,,south
culfq1smj4,Федеральное государственное бюджетное образовательное учреждение высшего образования «Кабардино-Балкарский государственный университет им. Х.М. Бербекова»,КБГУ,1,Кабардино-Балкарская Республика,Нальчик,Министерство науки и высшего образования Российской Федерации,Северо-Кавказский,True,False,False,,kavkaz
3vi4fghy5p,Федеральное государственное бюджетное образовательное учреждение высшего образования «Казанский национальный исследовательский технический университет им. А.Н.Туполева-КАИ»,КНИТУ-КАИ,1,Республика Татарстан,Казань,Министерство науки и высшего образования Российской Федерации,Приволжский,True,False,False,,volga
fjuczt4wem,Федеральное государственное автономное образовательное учреждение высшего образования «Казанский (Приволжский) федеральный университет»,КФУ,1,Республика Татарстан,Казань,Министерство науки и высшего образования Российской Федерации,Приволжский,True,True,False,Территориальное/отраслевое лидерство,volga
qlodvuygcf,Федеральное государственное бюджетное образовательное учреждение высшего образования «Кемеровский государственный университет»,КемГУ,1,Кемеровская область,Кемерово,Министерство науки и высшего образования Российской Федерации,Сибирский,True,False,False,,siberia
mnrux6qe72,Федеральное государственное автономное образовательное учреждение высшего образования «Крымский федеральный университет имени В. И. Вернадского»,ФГАОУ ВО «КФУ им. В.И. Вернадского»,1,Республика Крым,Симферополь,Министерство науки и высшего образования Российской Федерации,Южный,True,True,False,Территориальное/отраслевое лидерство,south
jgpqaernw9,Федеральное государственное бюджетное образовательное учреждение высшего образования «Кубанский государственный медицинский университет»,Кубанский государственный медицинский университет,3,Краснодарский край,Краснодар,Министерство здравоохранения Российской Федерации,Южный,False,False,True,,south
uzklrpd7jc,Федеральное государственное автономное образовательное учреждение высшего образования «Московский государственный институт международных отношений (университет) Министерства иностранных дел Российской Федерации»,МГИМО,1,Москва,Москва,Министерство иностранных дел Российской Федерации,Центральный,True,True,False,Территориальное/отраслевое лидерство,central
uja1yw7pum,Федеральное государственное бюджетное образовательное учреждение высшего образования «Московский государственный технический университет имени Н.Э.Баумана (национальный исследовательский университет)»,МГТУ им. Н.Э. Баумана,1,Москва,Москва,Министерство науки и высшего образования Российской Федерации,Центральный,True,True,False,Исследовательское лидерство,central
dwbpclcu9p,Федеральное государственное бюджетное образовательное учреждение высшего образования «Московский авиационный институт»,МАИ,1,Москва,Москва,Министерство науки и высшего образования Российской Федерации,Центральный,True,True,False,Территориальное/отраслевое лидерство,central
3nb6pssffh,Государственное автономное образовательное учреждение высшего образования города Москвы «Московский городской педагогический университет»,ГАОУ ВО МГПУ,1,Москва,Москва,Департамент образования и науки города Москвы,Центральный,True,False,False,,central
ufrgrmnobo,Федеральное государственное бюджетное образовательное учреждение высшего образования «Московский государственный университет геодезии и картографии»,МИИГАиК,3,Москва,Москва,Министерство науки и высшего образования Российской Федерации,Центральный,False,False,True,,central
drfntnpaew,Федеральное государственное бюджетное образовательное учреждение высшего образования «Московский государственный университет пищевых производств»,МГУПП,3,Москва,Москва,Министерство науки и высшего образования Российской Федерации,Центральный,False,False,True,,central
yjotsrjyeq,Федеральное государственное бюджетное образовательное учреждение высшего образования «Московский педагогический государственный университет»,МПГУ,3,Москва,Москва,Министерство просвещения Российской Федерации,Центральный,False,False,True,,central
ep60thjwnf,Федеральное государственное автономное образовательное учреждение высшего образования «Московский политехнический университет»,Московский Политех,1,Москва,Москва,Министерство науки и высшего образования Российской Федерации,Центральный,True,False,False,,central
rmpvygmvxo,Федеральное государственное автономное образовательное учреждение высшего образования «Московский физико-технический институт (национальный исследовательский университет)»,МФТИ,1,Москва,Москва,Министерство науки и высшего образования Российской Федерации,Центральный,True,True,False,Исследовательское лидерство,central
witvgdqmdp,Федеральное государственное бюджетное образовательное учреждение высшего образования «Национальный исследовательский Мордовский государственный университет им. Н.П. Огарёва»,МГУ им. Н.П. Огарёва,1,Республика Мордовия,Саранск,Министерство науки и высшего образования Российской Федерации,Приволжский,True,False,False,,volga
ibyubmyqnn,Федеральное государственное автономное образовательное учреждение высшего образования «Национальный исследовательский университет «Московский институт электронной техники»,НИУ МИЭТ,1,Москва,Зеленоград,Министерство науки и высшего образования Российской Федерации,Центральный,True,False,False,,central
v0sd1lnvpd,Федеральное государственное автономное образовательное учреждение высшего образования «Национальный исследовательский ядерный университет «МИФИ»,НИЯУ МИФИ,1,Москва,Москва,Министерство науки и высшего образования Российской Федерации,Центральный,True,True,False,Исследовательское лидерство,central
xveym4ysol,Федеральное государственное автономное образовательное учреждение высшего образования «Национальный исследовательский Нижегородский государственный университет им. Н.И. Лобачевского»,ННГУ,1,Нижегородская область,Нижний Новгород,Министерство науки и высшего образования Российской Федерации,Приволжский,True,True,False,Исследовательское лидерство,volga
nncym1tit8,Федеральное государственное автономное образовательное учреждение высшего образования «Национальный исследовательский технологический университет «МИСиС»,МИСиС,1,Москва,Москва,Министерство науки и высшего образования Российской Федерации,Центральный,True,True,False,Исследовательское лидерство,central
abe2rfg4tz,Федеральное государственное бюджетное образовательное учреждение высшего образования Национальный исследовательский университет «МЭИ»,МЭИ,1,Москва,Москва,Министерство науки и высшего образования Российской Федерации,Центральный,True,False,False,,central
hqhlbxelld,Федеральное государственное бюджетное образовательное учреждение высшего образования «Новгородский государственный университет имени Ярослава Мудрого»,НовГУ,1,Новгородская область,Великий Новгород,Министерство науки и высшего образования Российской Федерации,Северо-Западный,True,False,False,,north
q0kil0a02a,Федеральное государственное бюджетное образовательное учреждение высшего образования «Новосибирский государственный технический университет»,НГТУ,1,Новосибирская область,Новосибирск,Министерство науки и высшего образования Российской Федерации,Сибирский,True,True,False,Территориальное/отраслевое лидерство,siberia
diiodnqzwo,Федеральное государственное автономное образовательное учреждение высшего образования «Новосибирский национальный исследовательский государственный университет»,НГУ,1,Новосибирская область,Новосибирск,Министерство науки и высшего образования Российской Федерации,Сибирский,True,True,False,Исследовательское лидерство,siberia
xav3rjegec,Федеральное государственное бюджетное образовательное учреждение высшего образования «Омский государственный технический университет»,ОмГТУ,1,Омская область,Омск,Министерство науки и высшего образования Российской Федерации,Сибирский,True,True,False,Территориальное/отраслевое лидерство,siberia
qkaxxbqxbm,Федеральное государственное бюджетное образовательное учреждение высшего образования «Оренбургский государственный университет»,ОГУ,1,Оренбургская область,Оренбург,Министерство науки и высшего образования Российской Федерации,Приволжский,True,False,False,,volga
pc1exd2mfn,Федеральное государственное бюджетное образовательное учреждение высшего образования «Орловский  государственный университет имени И.С. Тургенева»,ФГБОУ ВО «ОГУ им. И.С. Тургенева»,1,Орловская область,Орёл,Министерство науки и высшего образования Российской Федерации,Центральный,True,False,False,,central
tjjclm6dch,Федеральное государственное автономное образовательное учреждение высшего образования «Пермский государственный национальный исследовательский университет»,ПГНИУ,1,Пермский край,Пермь,Министерство науки и высшего образования Российской Федерации,Приволжский,True,False,False,,volga
qiyaomgyze,Федеральное государственное бюджетное образовательное учреждение высшего образования «Псковский государственный университет»,ПсковГУ,1,Псковская область,Псков,Министерство науки и высшего образования Российской Федерации,Северо-Западный,True,False,False,,north
jgqxs4ilmo,Федеральное государственное бюджетное образовательное учреждение высшего образования «Российская академия музыки имени Гнесиных»,РАМ имени Гнесиных,2,Москва,Москва,Министерство культуры Российской Федерации,Центральный,True,False,False,,central
nmeapcticw,Федеральное государственное автономное образовательное учреждение высшего образования «Российский государственный университет нефти и газа (национальный исследовательский университет) имени И.М. Губкина»,Губкинский университет,1,Москва,Москва,Министерство науки и высшего образования Российской Федерации,Центральный,True,False,False,,central
llm3hrmbuz,Федеральное государственное бюджетное образовательное учреждение высшего образования «Российская академия народного хозяйства и государственной службы при Президенте Российской Федерации»,РАНХиГС,1,Москва,Москва,Правительство Российской Федерации,Центральный,True,True,False,Территориальное/отраслевое лидерство,central
2nbk3f2heg,Федеральное государственное бюджетное образовательное учреждение высшего образования «Российский институт театрального искусства – ГИТИС»,ГИТИС,2,Москва,Москва,Министерство культуры Российской Федерации,Центральный,True,False,False,,central
b1n8keacrg,Федеральное государственное автономное  образовательное учреждение высшего образования «Российский университет дружбы народов»,РУДН,1,Москва,Москва,Министерство науки и высшего образования Российской Федерации,Центральный,True,False,False,,central
chfjnbc9gd,Федеральное государственное бюджетное образовательное учреждение высшего образования «МИРЭА - Российский технологический университет»,РТУ МИРЭА,1,Москва,Москва,Министерство науки и высшего образования Российской Федерации,Центральный,True,False,False,,central
5zkswip5kv,Федеральное государственное бюджетное образовательное учреждение высшего образования «Российский химико-технологический университет имени Д.И. Менделеева»,РХТУ им. Д.И. Менделеева,1,Москва,Москва,Министерство науки и высшего образования Российской Федерации,Центральный,True,True,False,Территориальное/отраслевое лидерство,central
7il9n1naj6,Федеральное государственное автономное образовательное учреждение высшего образования «Самарский национальный исследовательский университет имени академика С.П. Королева»,Самарский университет,1,Самарская область,Самара,Министерство науки и высшего образования Российской Федерации,Приволжский,True,False,False,,volga
1zwzl1pnug,Федеральное государственное бюджетное образовательное учреждение высшего образования «Санкт-Петербургский государственный морской технический университет»,СПБГМТУ,1,Санкт-Петербург,Санкт-Петербург,Министерство науки и высшего образования Российской Федерации,Северо-Западный,True,True,False,Территориальное/отраслевое лидерство,north
n3oyvtotbz,Федеральное государственное автономное образовательное учреждение высшего образования «Санкт-Петербургский государственный университет аэрокосмического приборостроения»,ГУАП,1,Санкт-Петербург,Санкт-Петербург,Министерство науки и высшего образования Российской Федерации,Северо-Западный,True,False,False,,north
k6tfgi9hvb,Федеральное государственное автономное образовательное учреждение высшего образования «Санкт-Петербургский политехнический университет Петра Великого»,Санкт-Петербургский политехнический университет Петра Великого,1,Санкт-Петербург,Санкт-Петербург,Министерство науки и высшего образования Российской Федерации,Северо-Западный,True,True,False,Исследовательское лидерство,north
ern3q8r9kq,Федеральное государственное бюджетное образовательное учреждение высшего образования «Саратовский национальный исследовательский государственный университет имени Н.Г. Чернышевского»,СГУ,1,Саратовская область,Саратов,Министерство науки и высшего образования Российской Федерации,Приволжский,True,False,False,,volga
esjqedamix,Федеральное государственное автономное образовательное учреждение высшего образования «Севастопольский государственный университет»,СевГУ,1,Севастополь,Севастополь,Министерство науки и высшего образования Российской Федерации,Южный,True,True,False,Территориальное/отраслевое лидерство,south
6uem6sh7pd,Федеральное государственное автономное образовательное учреждение высшего образования «Северо-Восточный федеральный университет имени М.К. Аммосова»,СВФУ,1,Сахалинская область,Якутск,Министерство науки и высшего образования Российской Федерации,Дальневосточный,True,False,False,,vostok
qfosc1klbk,Федеральное государственное автономное образовательное учреждение высшего образования «Северо-Кавказский федеральный университет»,СКФУ,1,Ставропольский край,Ставрополь,Министерство науки и высшего образования Российской Федерации,Северо-Кавказский,True,False,False,,kavkaz
1j9sz6vkdl,Федеральное государственное автономное образовательное учреждение высшего образования «Первый Московский государственный медицинский университет имени И.М. Сеченова Министерства здравоохранения Российской Федерации (Сеченовский Университет)»,ФГАОУ ВО Первый МГМУ им. И.М. Сеченова Минздрава России ,1,Москва,Москва,Министерство здравоохранения Российской Федерации,Центральный,True,True,False,Исследовательское лидерство,central
ckpj9iog11,Федеральное государственное бюджетное образовательное учреждение высшего образования «Сибирский государственный университет науки и технологий имени академика М.Ф. Решетнева»,СибГУ им. М.Ф. Решетнева,1,Красноярский край,Красноярск,Министерство науки и высшего образования Российской Федерации,Сибирский,True,False,False,,siberia
yzwi2wdkdr,Федеральное государственное автономное образовательное учреждение высшего образования «Сибирский федеральный университет»,СФУ,1,Красноярский край,Красноярск,Министерство науки и высшего образования Российской Федерации,Сибирский,True,True,False,Территориальное/отраслевое лидерство,siberia
jdopua9oid,Федеральное государственное автономное образовательное учреждение высшего образования «Санкт-Петербургский государственный электротехнический университет «ЛЭТИ» им. В.И. Ульянова (Ленина)»,"СПбГЭТУ ""ЛЭТИ""",1,Санкт-Петербург,Санкт-Петербург,Министерство науки и высшего образования Российской Федерации,Северо-Западный,True,True,False,Территориальное/отраслевое лидерство,north
lc9dmv5txk,Бюджетное учреждение высшего образования Ханты-Мансийского автономного округа – Югры «Сургутский государственный университет»,СурГУ,3,Ханты-Мансийский автономный округ — Югра,Сургут,Департамент образования и молодежной политики Ханты-Мансийского автономного округа - Югры,Уральский,False,False,True,,ural
hdyd5b3r8v,Федеральное государственное бюджетное образовательное учреждение высшего образования «Театральный институт имени Бориса Щукина при Государственном академическом театре имени Евгения Вахтангова»,Театральный институт имени Бориса Щукина,2,Москва,Москва,Министерство культуры Российской Федерации,Центральный,True,False,False,,central
0fc5omrlbl,Федеральное государственное бюджетное образовательное учреждение высшего образования «Тольяттинский государственный университет»,ТГУ,1,Самарская область,Тольятти,Министерство науки и высшего образования Российской Федерации,Приволжский,True,False,False,,volga
iujl15jrd4,Федеральное государственное бюджетное образовательное учреждение высшего образования «Томский государственный архитектурно-строительный университет»,ТГАСУ,3,Томская область,Томск,Министерство науки и высшего образования Российской Федерации,Сибирский,False,False,True,,siberia
j8wbik3emg,Федеральное государственное автономное образовательное учреждение высшего образования «Национальный исследовательский Томский государственный университет»,ТГУ,1,Томская область,Томск,Министерство науки и высшего образования Российской Федерации,Сибирский,True,True,False,Исследовательское лидерство,siberia
racftnl0vw,Федеральное государственное бюджетное образовательное учреждение высшего образования «Томский государственный университет систем управления и радиоэлектроники»,ТУСУР,1,Томская область,Томск,Министерство науки и высшего образования Российской Федерации,Сибирский,True,True,False,Территориальное/отраслевое лидерство,siberia
bbs4qel3ne,Федеральное государственное автономное образовательное учреждение высшего образования «Национальный исследовательский Томский политехнический университет»,ТПУ,1,Томская область,Томск,Министерство науки и высшего образования Российской Федерации,Сибирский,True,True,False,Исследовательское лидерство,siberia
z3qd14hdo3,Федеральное государственное бюджетное образовательное учреждение высшего образования «Тульский государственный педагогический университет им. Л.Н. Толстого»,ТГПУ им. Л.Н. Толстого,3,Тульская область,Тула,Министерство просвещения Российской Федерации,Центральный,False,False,True,,central
ezg3l1cmfo,Федеральное государственное бюджетное образовательное учреждение высшего образования «Тульский государственный университет»,ТулГУ,3,Тульская область,Тула,Министерство науки и высшего образования Российской Федерации,Центральный,False,False,True,,central
9lvdbk3gm3,Федеральное государственное автономное образовательное учреждение высшего образования «Тюменский государственный университет»,ТюмГУ,1,Тюменская область,Тюмень,Министерство науки и высшего образования Российской Федерации,Уральский,True,True,False,Территориальное/отраслевое лидерство,ural
nt9r0eayps,Федеральное государственное бюджетное образовательное учреждение высшего образования «Ульяновский государственный университет»,УлГУ,1,Ульяновская область,Ульяновск,Министерство науки и высшего образования Российской Федерации,Приволжский,True,False,False,,volga
lxivvro7ih,Федеральное государственное бюджетное образовательное учреждение высшего образования «Московский государственный юридический университет имени О.Е. Кутафина (МГЮА)»,МГЮА,1,Москва,Москва,Министерство науки и высшего образования Российской Федерации,Центральный,True,False,False,,central
d9yz4kbcs4,Федеральное государственное автономное образовательное учреждение высшего образования «Национальный исследовательский университет ИТМО»,ИТМО,1,Санкт-Петербург,Санкт-Петербург,Министерство науки и высшего образования Российской Федерации,Северо-Западный,True,True,False,Исследовательское лидерство,north
tj72fyldee,Федеральное государственное бюджетное образовательное учреждение высшего образования «Санкт-Петербургский государственный университет промышленных технологий и дизайна»,СПбГУПТД,1,Санкт-Петербург,Санкт-Петербург,Министерство науки и высшего образования Российской Федерации,Северо-Западный,True,False,False,,north
gmmdiyxyc9,Федеральное государственное бюджетное образовательное учреждение высшего образования «Уральский государственный горный университет»,УГГУ,1,Свердловская область,Екатеринбург,Министерство науки и высшего образования Российской Федерации,Уральский,True,False,False,,ural
l5woimpg9q,Федеральное государственное автономное образовательное учреждение высшего образования «Уральский федеральный университет имени первого Президента России Б.Н. Ельцина»,УрФУ,1,Свердловская область,Екатеринбург,Министерство науки и высшего образования Российской Федерации,Уральский,True,True,False,Исследовательское лидерство,ural
vhewg8fuh0,Федеральное государственное бюджетное образовательное учреждение высшего образования «Уфимский государственный нефтяной технический университет»,УГНТУ,1,Республика Башкортостан,Уфа,Министерство науки и высшего образования Российской Федерации,Приволжский,True,True,False,Территориальное/отраслевое лидерство,volga
kq0setz1qp,Федеральное государственное автономное образовательное учреждение высшего образования «Пермский национальный исследовательский политехнический университет»,ПНИПУ,1,Пермский край,Пермь,Министерство науки и высшего образования Российской Федерации,Приволжский,True,False,False,,volga
k7j9wbvvka,Федеральное государственное автономное образовательное учреждение высшего образования «Российский национальный исследовательский медицинский университет имени Н.И. Пирогова» Министерства здравоохранения Российской Федерации,ФГАОУ ВО РНИМУ им. Н.И. Пирогова Минздрава России,1,Москва,Москва,Министерство здравоохранения Российской Федерации,Центральный,True,True,False,Исследовательское лидерство,central
upcbmyzymf,Федеральное государственное автономное образовательное учреждение высшего образования «Российский университет транспорта»,РУТ (МИИТ),1,Москва,Москва,Министерство транспорта Российской Федерации,Центральный,True,True,False,Территориальное/отраслевое лидерство,central
jdlr3pncr4,Федеральное государственное бюджетное образовательное учреждение высшего образования «Калмыцкий государственный университет им. Б.Б. Городовикова»,КалмГУ,3,Республика Калмыкия,Элиста,Министерство науки и высшего образования Российской Федерации,Южный,False,False,True,,south
9rogzfmuhs,Федеральное государственное бюджетное образовательное учреждение высшего образование «Казанский государственный энергетический университет»,КГЭУ,1,Республика Татарстан,Казань,Министерство науки и высшего образования Российской Федерации,Приволжский,True,False,False,,volga
jv9okr2qar,Федеральное государственное бюджетное образовательное учреждение высшего образования «Казанский национальный исследовательский  технологический университет»,"ФГБОУ ВО ""КНИТУ""",1,Республика Татарстан,Казань,Министерство науки и высшего образования Российской Федерации,Приволжский,True,False,False,,volga
4kndqcwpf4,Федеральное государственное бюджетное образовательное учреждение высшего образования «Московский государственный технологический университет «СТАНКИН»,"ФГБОУ ВО ""МГТУ ""СТАНКИН""",1,Москва,Москва,Министерство науки и высшего образования Российской Федерации,Центральный,True,False,False,,central
7mzkpv35zl,Федеральное государственное бюджетное образовательное учреждение высшего образования «Национальный исследовательский Московский государственный строительный университет»,НИУ МГСУ,1,Москва,Москва,Министерство науки и высшего образования Российской Федерации,Центральный,True,False,False,,central
dic4hkulmk,Федеральное государственное бюджетное образовательное учреждение высшего образования «Нижегородский государственный технический университет им. Р.Е. Алексеева»,НГТУ,1,Нижегородская область,Нижний Новгород,Министерство науки и высшего образования Российской Федерации,Приволжский,True,True,False,Территориальное/отраслевое лидерство,volga
vt81dqczsu,Федеральное государственное бюджетное образовательное учреждение высшего образования «Приволжский исследовательский медицинский университет» Министерства здравоохранения Российской Федерации,"ФГБОУ ВО ""ПИМУ"" Минздрава России",1,Нижегородская область,Нижний Новгород,Министерство здравоохранения Российской Федерации,Приволжский,True,True,False,Территориальное/отраслевое лидерство,volga
u4arqjctag,Федеральное государственное бюджетное образовательное учреждение высшего образования «Чеченский государственный университет имени А.А. Кадырова»,"""Чеченский государственный университет имени А.А. Кадырова""",1,Чеченская Республика,Грозный,Министерство науки и высшего образования Российской Федерации,Северо-Кавказский,True,False,False,,kavkaz
m4yg9xa7zc,Федеральное государственное бюджетное образовательное учреждение высшего образования «Забайкальский государственный университет»,ФГБОУ ВО «ЗабГУ»,3,Забайкальский край,Чита,Министерство науки и высшего образования Российской Федерации,Дальневосточный,False,False,True,,vostok
rsakfjgngg,Федеральное государственное бюджетное образовательное учреждение высшего образования «Иркутский национальный исследовательский технический университет»,ИРНИТУ,1,Иркутская область,Иркутск,Министерство науки и высшего образования Российской Федерации,Сибирский,True,True,False,Территориальное/отраслевое лидерство,siberia
olwq2ddpgt,Федеральное государственное бюджетное образовательное учреждение высшего образования «Марийский государственный университет»,"ФГБОУ ВО ""Марийский государственный университет""",1,Республика Марий Эл,Йошкар-Ола,Министерство науки и высшего образования Российской Федерации,Приволжский,True,False,False,,volga
euewwrcszx,Федеральное государственное бюджетное образовательное учреждение высшего образования «Российский экономический университет имени Г.В. Плеханова»,РЭУ им. Г.В. Плеханова,1,Москва,Москва,Министерство науки и высшего образования Российской Федерации,Центральный,True,False,False,,central
fgnzen3sxz,Федеральное государственное бюджетное образовательное учреждение высшего образования «Тамбовский государственный университет имени Г.Р. Державина»,ТГУ имени Г.Р. Державина,1,Тамбовская область,Тамбов,Министерство науки и высшего образования Российской Федерации,Центральный,True,False,False,,central
2sgmvjfgqd,Федеральное государственное бюджетное образовательное учреждение высшего образования «Тихоокеанский государственный университет»,ТОГУ,1,Хабаровский край,Хабаровск,Министерство науки и высшего образования Российской Федерации,Дальневосточный,True,False,False,,vostok
87sz39pfuh,Федеральное государственное бюджетное образовательное учреждение высшего образования «Удмуртский государственный университет»,УдГУ,1,Удмуртская республика,Ижевск,Министерство науки и высшего образования Российской Федерации,Приволжский,True,False,False,,volga
odnsnlglrb,Федеральное государственное бюджетное образовательное учреждение высшего образования «Казанский государственный медицинский университет» Министерства здравоохранения Российской Федерации,Казанский ГМУ Минздрава России,3,Республика Татарстан,Казань,Министерство здравоохранения Российской Федерации,Приволжский,False,False,True,,volga
udsvxmuw42,Федеральное государственное бюджетное образовательное учреждение высшего образования «Кубанский государственный аграрный университет имени И.Т. Трубилина»,Кубанский ГАУ,1,Краснодарский край,Краснодар,Министерство сельского хозяйства Российской Федерации,Южный,True,True,False,Территориальное/отраслевое лидерство,south
iuy2cfyblp,Федеральное государственное бюджетное образовательное учреждение высшего образования «Московский государственный медико-стоматологический университет имени А.И. Евдокимова» Министерства здравоохранения Российской Федерации,МГМСУ имени А.И.Евдокимова Минздрава России,1,Москва,Москва,Министерство здравоохранения Российской Федерации,Центральный,True,False,False,,central
gmpsfjeht0,Федеральное государственное бюджетное образовательное учреждение высшего образования «Московский государственный психолого-педагогический университет»,МГППУ,3,Москва,Москва,Министерство просвещения Российской Федерации,Центральный,False,False,True,,central
qr2eyzfu2w,Федеральное государственное бюджетное образовательное учреждение высшего образования «Петербургский государственный университет путей сообщения Императора Александра I»,ПГУПС,1,Санкт-Петербург,Санкт-Петербург,Федеральное агентство железнодорожного транспорта,Северо-Западный,True,False,False,,north
uzgwb6jk0m,Федеральное государственное бюджетное образовательное учреждение высшего образования «Первый Санкт-Петербургский государственный медицинский университет имени академика И.П. Павлова» Министерства здравоохранения Российской Федерации,ПСПбГМУ им. И.П. Павлова Минздрава России,1,Санкт-Петербург,Санкт-Петербург,Министерство здравоохранения Российской Федерации,Северо-Западный,True,False,False,,north
qt9t0d8vjd,Федеральное государственное бюджетное образовательное учреждение высшего образования «Российский государственный аграрный университет – МСХА имени К.А.Тимирязева»,РГАУ-МСХА имени К.А. Тимирязева,1,Москва,Москва,Министерство сельского хозяйства Российской Федерации,Центральный,True,True,False,Исследовательское лидерство,central
nno7yddutg,Федеральное государственное бюджетное образовательное учреждение высшего образования «Самарский государственный медицинский университет» Министерства здравоохранения Российской Федерации,СамГМУ Минздрава России,1,Самарская область,Самара,Министерство здравоохранения Российской Федерации,Приволжский,True,True,False,Территориальное/отраслевое лидерство,volga
heo0www7bu,Федеральное государственное бюджетное образовательное учреждение высшего образования «Саратовский государственный аграрный университет имени Н.И. Вавилова»,Саратовский ГАУ,1,Саратовская область,Саратов,Министерство сельского хозяйства Российской Федерации,Приволжский,True,False,False,,volga
sxfxt87m9s,Федеральное государственное бюджетное образовательное учреждение высшего образования «Северный государственный медицинский университет» Министерства здравоохранения Российской Федерации,СГМУ (г.Архангельск) Минздрава России,3,Архангельская область,Архангельск,Министерство здравоохранения Российской Федерации,Северо-Западный,False,False,True,,north
jmhov82dut,Федеральное государственное бюджетное образовательное учреждение высшего образования «Смоленский государственный медицинский университет» Министерства здравоохранения Российской Федерации,ФГБОУ ВО СГМУ Минздрава России,1,Смоленская область,Смоленск,Министерство здравоохранения Российской Федерации,Центральный,True,False,False,,central
dvhrkl3hhp,Федеральное государственное бюджетное образовательное учреждение высшего образования «Сибирский государственный медицинский университет» Министерства здравоохранения Российской Федерации,ФГБОУ ВО СибГМУ Минздрава России,1,Томская область,Томск,Министерство здравоохранения Российской Федерации,Сибирский,True,True,False,Территориальное/отраслевое лидерство,siberia
qxtelp0di1,Федеральное государственное бюджетное образовательное учреждение высшего образования «Ставропольский государственный аграрный университет»,Ставропольский ГАУ,1,Ставропольский край,Ставрополь,Министерство сельского хозяйства Российской Федерации,Северо-Кавказский,True,True,False,Территориальное/отраслевое лидерство,kavkaz
0qhctaenw4,Федеральное государственное бюджетное образовательное учреждение высшего образования «Тюменский государственный медицинский университет» Министерства здравоохранения Российской Федерации,Тюменский ГМУ Минздрава России,1,Тюменская область,Тюмень,Министерство здравоохранения Российской Федерации,Уральский,True,False,False,,ural
2c41wro987,Федеральное государственное бюджетное образовательное учреждение высшего образования «Уральский государственный медицинский университет» Министерства здравоохранения Российской Федерации,ФГБОУ ВО УГМУ Минздрава России,3,Свердловская область,Екатеринбург,Министерство здравоохранения Российской Федерации,Уральский,False,False,True,,ural
ev94nd01js,Федеральное государственное бюджетное образовательное учреждение высшего образования «Юго-Западный государственный университет»,ЮЗГУ,1,Курская область,Курск,Министерство науки и высшего образования Российской Федерации,Центральный,True,False,False,,central
bzlbu42y6h,Федеральное государственное автономное образовательное учреждение высшего образования «Южно-Уральский государственный университет (национальный исследовательский университет)»,"ФГАОУ ВО ""ЮУрГУ (НИУ)""",1,Челябинская область,Челябинск,Министерство науки и высшего образования Российской Федерации,Уральский,True,True,False,Исследовательское лидерство,ural
bddmbn9piy,Федеральное государственное автономное образовательное учреждение высшего образования «Южный федеральный университет»,Южный федеральный университет,1,Ростовская область,Ростов-На-Дону,Министерство науки и высшего образования Российской Федерации,Южный,True,True,False,Исследовательское лидерство,south
krdeociohk,Федеральное государственное бюджетное образовательное учреждение высшего образования «Южно-Российский государственный политехнический университет (НПИ) имени М.И. Платова»,ЮРГПУ(НПИ),1,Ростовская область,Новочеркасск,Министерство науки и высшего образования Российской Федерации,Южный,True,False,False,,south
ajzokmvfkj,Федеральное государственное бюджетное образовательное учреждение высшего образования «Ярославский государственный университет им. П.Г. Демидова»,ЯрГУ,1,Ярославская область,Ярославль,Министерство науки и высшего образования Российской Федерации,Центральный,True,False,False,,central
