level,block_title,group_number,group_title,program_number,program_title
Бакалавриат,Математические и естественные науки,01.00.00,Математика и механика,01.03.01,Математика
Бакалавриат,Математические и естественные науки,01.00.00,Математика и механика,01.03.02,Прикладная математика и информатика
Бакалавриат,Математические и естественные науки,01.00.00,Математика и механика,01.03.03,Механика и математическое моделирование
Бакалавриат,Математические и естественные науки,01.00.00,Математика и механика,01.03.04,Прикладная математика
Бакалавриат,Математические и естественные науки,01.00.00,Математика и механика,01.03.05,Статистика
Бакалавриат,Математические и естественные науки,02.00.00,Компьютерные и информационные науки,02.03.01,Математика и компьютерные науки
Бакалавриат,Математические и естественные науки,02.00.00,Компьютерные и информационные науки,02.03.02,Фундаментальная информатика и информационные технологии
Бакалавриат,Математические и естественные науки,02.00.00,Компьютерные и информационные науки,02.03.03,Математическое обеспечение и администрирование информационных систем
Бакалавриат,Математические и естественные науки,03.00.00,Физика и астрономия,03.03.01,Прикладные математика и физика
Бакалавриат,Математические и естественные науки,03.00.00,Физика и астрономия,03.03.02,Физика
Бакалавриат,Математические и естественные науки,03.00.00,Физика и астрономия,03.03.03,Радиофизика
Бакалавриат,Математические и естественные науки,04.00.00,Химия,04.03.01,Химия
Бакалавриат,Математические и естественные науки,04.00.00,Химия,04.03.02,"Химия, физика и механика материалов"
Бакалавриат,Математические и естественные науки,05.00.00,Науки о земле,05.03.01,Геология
Бакалавриат,Математические и естественные науки,05.00.00,Науки о земле,05.03.02,География
Бакалавриат,Математические и естественные науки,05.00.00,Науки о земле,05.03.03,Картография и геоинформатика
Бакалавриат,Математические и естественные науки,05.00.00,Науки о земле,05.03.04,Гидрометеорология
Бакалавриат,Математические и естественные науки,05.00.00,Науки о земле,05.03.05,Прикладная гидрометеорология
Бакалавриат,Математические и естественные науки,05.00.00,Науки о земле,05.03.06,Экология и природопользование
Бакалавриат,Математические и естественные науки,06.00.00,Биологические науки,06.03.01,Биология
Бакалавриат,Математические и естественные науки,06.00.00,Биологические науки,06.03.02,Почвоведение
Бакалавриат,"Инженерное дело, технологии и технические науки",07.00.00,Архитектура,07.03.01,Архитектура
Бакалавриат,"Инженерное дело, технологии и технические науки",07.00.00,Архитектура,07.03.02,Реконструкция и реставрация архитектурного наследия
Бакалавриат,"Инженерное дело, технологии и технические науки",07.00.00,Архитектура,07.03.03,Дизайн архитектурной среды
Бакалавриат,"Инженерное дело, технологии и технические науки",07.00.00,Архитектура,07.03.04,Градостроительство
Бакалавриат,"Инженерное дело, технологии и технические науки",08.00.00,Техника и технологии строительства,08.03.01,Строительство
Бакалавриат,"Инженерное дело, технологии и технические науки",09.00.00,Информатика и вычислительная техника,09.03.01,Информатика и вычислительная техника
Бакалавриат,"Инженерное дело, технологии и технические науки",09.00.00,Информатика и вычислительная техника,09.03.02,Информационные системы и технологии
Бакалавриат,"Инженерное дело, технологии и технические науки",09.00.00,Информатика и вычислительная техника,09.03.03,Прикладная информатика
Бакалавриат,"Инженерное дело, технологии и технические науки",09.00.00,Информатика и вычислительная техника,09.03.04,Программная инженерия
Бакалавриат,"Инженерное дело, технологии и технические науки",10.00.00,Информационная безопасность,10.03.01,Информационная безопасность
Бакалавриат,"Инженерное дело, технологии и технические науки",11.00.00,"Электроника, радиотехника и системы связи",11.03.01,Радиотехника
Бакалавриат,"Инженерное дело, технологии и технические науки",11.00.00,"Электроника, радиотехника и системы связи",11.03.02,Инфокоммуникационные технологии и системы связи
Бакалавриат,"Инженерное дело, технологии и технические науки",11.00.00,"Электроника, радиотехника и системы связи",11.03.03,Конструирование и технология электронных средств
Бакалавриат,"Инженерное дело, технологии и технические науки",11.00.00,"Электроника, радиотехника и системы связи",11.03.04,Электроника и наноэлектроника
Бакалавриат,"Инженерное дело, технологии и технические науки",12.00.00,"Фотоника, приборостроение, оптические и биотехнические системы и технологии",12.03.01,Приборостроение
Бакалавриат,"Инженерное дело, технологии и технические науки",12.00.00,"Фотоника, приборостроение, оптические и биотехнические системы и технологии",12.03.02,Оптотехника
Бакалавриат,"Инженерное дело, технологии и технические науки",12.00.00,"Фотоника, приборостроение, оптические и биотехнические системы и технологии",12.03.03,Фотоника и оптоинформатика
Бакалавриат,"Инженерное дело, технологии и технические науки",12.00.00,"Фотоника, приборостроение, оптические и биотехнические системы и технологии",12.03.04,Биотехнические системы и технологии
Бакалавриат,"Инженерное дело, технологии и технические науки",12.00.00,"Фотоника, приборостроение, оптические и биотехнические системы и технологии",12.03.05,Лазерная техника и лазерные технологии
Бакалавриат,"Инженерное дело, технологии и технические науки",13.00.00,Электро - и теплоэнергетика,13.03.01,Теплоэнергетика и теплотехника
Бакалавриат,"Инженерное дело, технологии и технические науки",13.00.00,Электро - и теплоэнергетика,13.03.02,Электроэнергетика и электротехника
Бакалавриат,"Инженерное дело, технологии и технические науки",13.00.00,Электро - и теплоэнергетика,13.03.03,Энергетическое машиностроение
Бакалавриат,"Инженерное дело, технологии и технические науки",14.00.00,Ядерная энергетика и технологии,14.03.01,Ядерная энергетика и теплофизика
Бакалавриат,"Инженерное дело, технологии и технические науки",14.00.00,Ядерная энергетика и технологии,14.03.02,Ядерные физика и технологии
Бакалавриат,"Инженерное дело, технологии и технические науки",15.00.00,Машиностроение,15.03.01,Машиностроение
Бакалавриат,"Инженерное дело, технологии и технические науки",15.00.00,Машиностроение,15.03.02,Технологические машины и оборудование
Бакалавриат,"Инженерное дело, технологии и технические науки",15.00.00,Машиностроение,15.03.03,Прикладная механика
Бакалавриат,"Инженерное дело, технологии и технические науки",15.00.00,Машиностроение,15.03.04,Автоматизация технологических процессов и производств
Бакалавриат,"Инженерное дело, технологии и технические науки",15.00.00,Машиностроение,15.03.05,Конструкторско-технологическое обеспечение машиностроительных производств
Бакалавриат,"Инженерное дело, технологии и технические науки",15.00.00,Машиностроение,15.03.06,Мехатроника и робототехника
Бакалавриат,"Инженерное дело, технологии и технические науки",16.00.00,Физико-технические науки и технологии,16.03.01,Техническая физика
Бакалавриат,"Инженерное дело, технологии и технические науки",16.00.00,Физико-технические науки и технологии,16.03.02,Высокотехнологические плазменные и энергетические установки
Бакалавриат,"Инженерное дело, технологии и технические науки",16.00.00,Физико-технические науки и технологии,16.03.03,"Холодильная, криогенная техника и системы жизнеобеспечения"
Бакалавриат,"Инженерное дело, технологии и технические науки",17.00.00,Оружие и системы вооружения,17.03.01,Корабельное вооружение
Бакалавриат,"Инженерное дело, технологии и технические науки",18.00.00,Химические технологии,18.03.01,Химическая технология
Бакалавриат,"Инженерное дело, технологии и технические науки",18.00.00,Химические технологии,18.03.02,"Энерго- и ресурсосберегающие процессы в химической технологии, нефтехимии и биотехнологии"
Бакалавриат,"Инженерное дело, технологии и технические науки",19.00.00,Промышленная экология и биотехнологии,19.03.01,Биотехнология
Бакалавриат,"Инженерное дело, технологии и технические науки",19.00.00,Промышленная экология и биотехнологии,19.03.02,Продукты питания из растительного сырья
Бакалавриат,"Инженерное дело, технологии и технические науки",19.00.00,Промышленная экология и биотехнологии,19.03.03,Продукты питания животного происхождения
Бакалавриат,"Инженерное дело, технологии и технические науки",19.00.00,Промышленная экология и биотехнологии,19.03.04,Технология продукции и организация общественного питания
Бакалавриат,"Инженерное дело, технологии и технические науки",20.00.00,Техносферная безопасность и природообустройство,20.03.01,Техносферная безопасность
Бакалавриат,"Инженерное дело, технологии и технические науки",20.00.00,Техносферная безопасность и природообустройство,20.03.02,Природообустройство и водопользование
Бакалавриат,"Инженерное дело, технологии и технические науки",21.00.00,"Прикладная геология, горное дело, нефтегазовое дело и геодезия",21.03.01,Нефтегазовое дело
Бакалавриат,"Инженерное дело, технологии и технические науки",21.00.00,"Прикладная геология, горное дело, нефтегазовое дело и геодезия",21.03.02,Землеустройство и кадастры
Бакалавриат,"Инженерное дело, технологии и технические науки",21.00.00,"Прикладная геология, горное дело, нефтегазовое дело и геодезия",21.03.03,Геодезия и дистанционное зондирование
Бакалавриат,"Инженерное дело, технологии и технические науки",22.00.00,Технологии материалов,22.03.01,Материаловедение и технологии материалов
Бакалавриат,"Инженерное дело, технологии и технические науки",22.00.00,Технологии материалов,22.03.02,Металлургия
Бакалавриат,"Инженерное дело, технологии и технические науки",23.00.00,Техника и технологии наземного транспорта,23.03.01,Технология транспортных процессов
Бакалавриат,"Инженерное дело, технологии и технические науки",23.00.00,Техника и технологии наземного транспорта,23.03.02,Наземные транспортно-технологические комплексы
Бакалавриат,"Инженерное дело, технологии и технические науки",23.00.00,Техника и технологии наземного транспорта,23.03.03,Эксплуатация транспортно-технологических машин и комплексов
Бакалавриат,"Инженерное дело, технологии и технические науки",24.00.00,Авиационная и ракетно-космическая техника,24.03.01,Ракетные комплексы и космонавтика
Бакалавриат,"Инженерное дело, технологии и технические науки",24.00.00,Авиационная и ракетно-космическая техника,24.03.02,Системы управления движением и навигация
Бакалавриат,"Инженерное дело, технологии и технические науки",24.00.00,Авиационная и ракетно-космическая техника,24.03.03,Баллистика и гидроаэродинамика
Бакалавриат,"Инженерное дело, технологии и технические науки",24.00.00,Авиационная и ракетно-космическая техника,24.03.04,Авиастроение
Бакалавриат,"Инженерное дело, технологии и технические науки",24.00.00,Авиационная и ракетно-космическая техника,24.03.05,Двигатели летательных аппаратов
Бакалавриат,"Инженерное дело, технологии и технические науки",25.00.00,Аэронавигация и эксплуатация авиационной и ракетно-космической техники,25.03.01,Техническая эксплуатация летательных аппаратов и двигателей
Бакалавриат,"Инженерное дело, технологии и технические науки",25.00.00,Аэронавигация и эксплуатация авиационной и ракетно-космической техники,25.03.02,Техническая эксплуатация авиационных электросистем и пилотажно-навигационных комплексов
Бакалавриат,"Инженерное дело, технологии и технические науки",25.00.00,Аэронавигация и эксплуатация авиационной и ракетно-космической техники,25.03.03,Аэронавигация
Бакалавриат,"Инженерное дело, технологии и технические науки",25.00.00,Аэронавигация и эксплуатация авиационной и ракетно-космической техники,25.03.04,Эксплуатация аэропортов и обеспечение полетов воздушных судов
Бакалавриат,"Инженерное дело, технологии и технические науки",26.00.00,Техника и технологии кораблестроения и водного транспорта,26.03.01,Управление водным транспортом и гидрографическое обеспечение судоходства
Бакалавриат,"Инженерное дело, технологии и технические науки",26.00.00,Техника и технологии кораблестроения и водного транспорта,26.03.02,"Кораблестроение, океанотехника и системотехника объектов морской инфраструктуры"
Бакалавриат,"Инженерное дело, технологии и технические науки",26.00.00,Техника и технологии кораблестроения и водного транспорта,26.03.03,"Водные пути, порты и гидротехнические сооружения"
Бакалавриат,"Инженерное дело, технологии и технические науки",26.00.00,Техника и технологии кораблестроения и водного транспорта,26.03.04,Инженерно-экономическое обеспечение технологий и бизнес-процессов водного транспорта
Бакалавриат,"Инженерное дело, технологии и технические науки",27.00.00,Управление в технических системах,27.03.01,Стандартизация и метрология
Бакалавриат,"Инженерное дело, технологии и технические науки",26.00.00,Техника и технологии кораблестроения и водного транспорта,27.03.02,Управление качеством
Бакалавриат,"Инженерное дело, технологии и технические науки",26.00.00,Техника и технологии кораблестроения и водного транспорта,27.03.03,Системный анализ и управление
Бакалавриат,"Инженерное дело, технологии и технические науки",26.00.00,Техника и технологии кораблестроения и водного транспорта,27.03.04,Управление в технических системах
Бакалавриат,"Инженерное дело, технологии и технические науки",26.00.00,Техника и технологии кораблестроения и водного транспорта,27.03.05,Инноватика
Бакалавриат,"Инженерное дело, технологии и технические науки",28.00.00,Нанотехнологии и наноматериалы,28.03.01,Нанотехнологии и микросистемная техника
Бакалавриат,"Инженерное дело, технологии и технические науки",28.00.00,Нанотехнологии и наноматериалы,28.03.02,Наноинженерия
Бакалавриат,"Инженерное дело, технологии и технические науки",28.00.00,Нанотехнологии и наноматериалы,28.03.03,Наноматериалы
Бакалавриат,"Инженерное дело, технологии и технические науки",29.00.00,Технологии легкой промышленности,29.03.01,Технология изделий легкой промышленности
Бакалавриат,"Инженерное дело, технологии и технические науки",29.00.00,Технологии легкой промышленности,29.03.02,Технологии и проектирование текстильных изделий
Бакалавриат,"Инженерное дело, технологии и технические науки",29.00.00,Технологии легкой промышленности,29.03.03,Технология полиграфического и упаковочного производства
Бакалавриат,"Инженерное дело, технологии и технические науки",29.00.00,Технологии легкой промышленности,29.03.04,Технология художественной обработки материалов
Бакалавриат,"Инженерное дело, технологии и технические науки",29.00.00,Технологии легкой промышленности,29.03.05,Конструирование изделий легкой промышленности
Бакалавриат,Здравоохранение и медицинские науки,34.00.00,Сестринское дело,34.03.01,Сестринское дело
Бакалавриат,Сельское хозяйство и сельскохозяйственные науки,35.00.00,"Сельское, лесное и рыбное хозяйство",35.03.01,Лесное дело
Бакалавриат,Сельское хозяйство и сельскохозяйственные науки,35.00.00,"Сельское, лесное и рыбное хозяйство",35.03.02,Технология лесозаготовительных и деревоперерабатывающих производств
Бакалавриат,Сельское хозяйство и сельскохозяйственные науки,35.00.00,"Сельское, лесное и рыбное хозяйство",35.03.03,Агрохимия и агропочвоведение
Бакалавриат,Сельское хозяйство и сельскохозяйственные науки,35.00.00,"Сельское, лесное и рыбное хозяйство",35.03.04,Агрономия
Бакалавриат,Сельское хозяйство и сельскохозяйственные науки,35.00.00,"Сельское, лесное и рыбное хозяйство",35.03.05,Садоводство
Бакалавриат,Сельское хозяйство и сельскохозяйственные науки,35.00.00,"Сельское, лесное и рыбное хозяйство",35.03.06,Агроинженерия
Бакалавриат,Сельское хозяйство и сельскохозяйственные науки,35.00.00,"Сельское, лесное и рыбное хозяйство",35.03.07,Технология производства и переработки сельскохозяйственной продукции
Бакалавриат,Сельское хозяйство и сельскохозяйственные науки,35.00.00,"Сельское, лесное и рыбное хозяйство",35.03.08,Водные биоресурсы и аквакультура
Бакалавриат,Сельское хозяйство и сельскохозяйственные науки,35.00.00,"Сельское, лесное и рыбное хозяйство",35.03.09,Промышленное рыболовство
Бакалавриат,Сельское хозяйство и сельскохозяйственные науки,35.00.00,"Сельское, лесное и рыбное хозяйство",35.03.10,Ландшафтная архитектура
Бакалавриат,Сельское хозяйство и сельскохозяйственные науки,35.00.00,"Сельское, лесное и рыбное хозяйство",35.03.11,Гидромелиорация
Бакалавриат,Сельское хозяйство и сельскохозяйственные науки,36.00.00,Ветеринария и зоотехния,36.03.01,Ветеринарно-санитарная экспертиза
Бакалавриат,Сельское хозяйство и сельскохозяйственные науки,36.00.00,Ветеринария и зоотехния,36.03.02,Зоотехния
Бакалавриат,Науки об обществе,37.00.00,Психологические науки,37.03.01,Психология
Бакалавриат,Науки об обществе,37.00.00,Психологические науки,37.03.02,Конфликтология
Бакалавриат,Науки об обществе,37.00.00,Психологические науки,38.03.01,Экономика
Бакалавриат,Науки об обществе,38.00.00,Экономика и управление,38.03.02,Менеджмент
Бакалавриат,Науки об обществе,38.00.00,Экономика и управление,38.03.03,Управление персоналом
Бакалавриат,Науки об обществе,38.00.00,Экономика и управление,38.03.04,Государственное и муниципальное управление
Бакалавриат,Науки об обществе,38.00.00,Экономика и управление,38.03.05,Бизнес-информатика
Бакалавриат,Науки об обществе,38.00.00,Экономика и управление,38.03.06,Торговое дело
Бакалавриат,Науки об обществе,38.00.00,Экономика и управление,38.03.07,Товароведение
Бакалавриат,Науки об обществе,38.00.00,Экономика и управление,38.03.10,Жилищное хозяйство и коммунальная инфраструктура
Бакалавриат,Науки об обществе,39.00.00,Социология и социальная работа,39.03.01,Социология
Бакалавриат,Науки об обществе,39.00.00,Социология и социальная работа,39.03.02,Социальная работа
Бакалавриат,Науки об обществе,39.00.00,Социология и социальная работа,39.03.03,Организация работы с молодежью
Бакалавриат,Науки об обществе,40.00.00,Юриспруденция,40.03.01,Юриспруденция
Бакалавриат,Науки об обществе,40.00.00,Юриспруденция,40.03.02,Обеспечение законности и правопорядка
Бакалавриат,Науки об обществе,41.00.00,Политические науки и регионоведение,41.03.01,Зарубежное регионоведение
Бакалавриат,Науки об обществе,41.00.00,Политические науки и регионоведение,41.03.02,Регионоведение России
Бакалавриат,Науки об обществе,41.00.00,Политические науки и регионоведение,41.03.03,Востоковедение и африканистика
Бакалавриат,Науки об обществе,41.00.00,Политические науки и регионоведение,41.03.04,Политология
Бакалавриат,Науки об обществе,41.00.00,Политические науки и регионоведение,41.03.05,Международные отношения
Бакалавриат,Науки об обществе,41.00.00,Политические науки и регионоведение,41.03.06,Публичная политика и социальные науки
Бакалавриат,Науки об обществе,42.00.00,Средства массовой информации и информационно-библиотечное дело,42.03.01,Реклама и связи с общественностью
Бакалавриат,Науки об обществе,42.00.00,Средства массовой информации и информационно-библиотечное дело,42.03.02,Журналистика
Бакалавриат,Науки об обществе,42.00.00,Средства массовой информации и информационно-библиотечное дело,42.03.03,Издательское дело
Бакалавриат,Науки об обществе,42.00.00,Средства массовой информации и информационно-библиотечное дело,42.03.04,Телевидение
Бакалавриат,Науки об обществе,42.00.00,Средства массовой информации и информационно-библиотечное дело,42.03.05,Медиакоммуникации
Бакалавриат,Науки об обществе,43.00.00,Сервис и туризм,43.03.01,Сервис
Бакалавриат,Науки об обществе,43.00.00,Сервис и туризм,43.03.02,Туризм
Бакалавриат,Науки об обществе,43.00.00,Сервис и туризм,43.03.03,Гостиничное дело
Бакалавриат,Образование и педагогические науки,44.00.00,Образование и педагогические науки,44.03.01,Педагогическое образование
Бакалавриат,Образование и педагогические науки,44.00.00,Образование и педагогические науки,44.03.02,Психолого-педагогическое образование
Бакалавриат,Образование и педагогические науки,44.00.00,Образование и педагогические науки,44.03.03,Специальное (дефектологическое) образование
Бакалавриат,Образование и педагогические науки,44.00.00,Образование и педагогические науки,44.03.04,Профессиональное обучение (по отраслям)
Бакалавриат,Образование и педагогические науки,44.00.00,Образование и педагогические науки,44.03.05,Педагогическое образование (с двумя профилями подготовки)
Бакалавриат,Гуманитарные науки,45.00.00,Языкознание и литературоведение,45.03.01,Филология
Бакалавриат,Гуманитарные науки,45.00.00,Языкознание и литературоведение,45.03.02,Лингвистика
Бакалавриат,Гуманитарные науки,45.00.00,Языкознание и литературоведение,45.03.03,Фундаментальная и прикладная лингвистика
Бакалавриат,Гуманитарные науки,45.00.00,Языкознание и литературоведение,45.03.04,Интеллектуальные системы в гуманитарной сфере
Бакалавриат,Гуманитарные науки,46.00.00,История и археология,46.03.01,История
Бакалавриат,Гуманитарные науки,46.00.00,История и археология,46.03.02,Документоведение и архивоведение
Бакалавриат,Гуманитарные науки,46.00.00,История и археология,46.03.03,Антропология и этнология
Бакалавриат,Гуманитарные науки,46.00.00,История и археология,46.03.04,Археология
Бакалавриат,Гуманитарные науки,47.00.00,"Философия, этика и религиоведение",47.03.01,Философия
Бакалавриат,Гуманитарные науки,47.00.00,"Философия, этика и религиоведение",47.03.02,Прикладная этика
Бакалавриат,Гуманитарные науки,47.00.00,"Философия, этика и религиоведение",47.03.03,Религиоведение
Бакалавриат,Гуманитарные науки,48.00.00,Теология,48.03.01,Теология
Бакалавриат,Гуманитарные науки,49.00.00,Физическая культура и спорт,49.03.01,Физическая культура
Бакалавриат,Гуманитарные науки,49.00.00,Физическая культура и спорт,49.03.02,Физическая культура для лиц с отклонениями в состоянии здоровья (адаптивная физическая культура)
Бакалавриат,Гуманитарные науки,49.00.00,Физическая культура и спорт,49.03.03,Рекреация и спортивно-оздоровительный туризм
Бакалавриат,Гуманитарные науки,49.00.00,Физическая культура и спорт,49.03.04,Спорт
Бакалавриат,Искусство и культура,50.00.00,Искусствознание,50.03.01,Искусства и гуманитарные науки
Бакалавриат,Искусство и культура,50.00.00,Искусствознание,50.03.02,Изящные искусства
Бакалавриат,Искусство и культура,50.00.00,Искусствознание,50.03.03,История искусств
Бакалавриат,Искусство и культура,50.00.00,Искусствознание,50.03.04,Теория и история искусств
Бакалавриат,Искусство и культура,51.00.00,Культуроведение и социокультурные проекты,51.03.01,Культурология
Бакалавриат,Искусство и культура,51.00.00,Культуроведение и социокультурные проекты,51.03.02,Народная художественная культура
Бакалавриат,Искусство и культура,51.00.00,Культуроведение и социокультурные проекты,51.03.03,Социально-культурная деятельность
Бакалавриат,Искусство и культура,51.00.00,Культуроведение и социокультурные проекты,51.03.04,Музеология и охрана объектов культурного и природного наследия
Бакалавриат,Искусство и культура,51.00.00,Культуроведение и социокультурные проекты,51.03.05,Режиссура театрализованных представлений и праздников
Бакалавриат,Искусство и культура,51.00.00,Культуроведение и социокультурные проекты,51.03.06,Библиотечно-информационная деятельность
Бакалавриат,Искусство и культура,52.00.00,Сценические искусства и литературное творчество,52.03.01,Хореографическое искусство
Бакалавриат,Искусство и культура,52.00.00,Сценические искусства и литературное творчество,52.03.02,Хореографическое исполнительство
Бакалавриат,Искусство и культура,52.00.00,Сценические искусства и литературное творчество,52.03.03,Цирковое искусство
Бакалавриат,Искусство и культура,52.00.00,Сценические искусства и литературное творчество,52.03.04,Технология художественного оформления спектакля
Бакалавриат,Искусство и культура,52.00.00,Сценические искусства и литературное творчество,52.03.05,Театроведение
Бакалавриат,Искусство и культура,52.00.00,Сценические искусства и литературное творчество,52.03.06,Драматургия
Бакалавриат,Искусство и культура,53.00.00,Музыкальное искусство,53.03.01,Музыкальное искусство эстрады
Бакалавриат,Искусство и культура,53.00.00,Музыкальное искусство,53.03.02,Музыкально-инструментальное искусство
Бакалавриат,Искусство и культура,53.00.00,Музыкальное искусство,53.03.03,Вокальное искусство
Бакалавриат,Искусство и культура,53.00.00,Музыкальное искусство,53.03.04,Искусство народного пения
Бакалавриат,Искусство и культура,53.00.00,Музыкальное искусство,53.03.05,Дирижирование
Бакалавриат,Искусство и культура,53.00.00,Музыкальное искусство,53.03.06,Музыкознание и музыкально-прикладное искусство
Бакалавриат,Искусство и культура,54.00.00,Изобразительное и прикладные виды искусств,54.03.01,Дизайн
Бакалавриат,Искусство и культура,54.00.00,Изобразительное и прикладные виды искусств,54.03.02,Декоративно-прикладное искусство и народные промыслы
Бакалавриат,Искусство и культура,54.00.00,Изобразительное и прикладные виды искусств,54.03.03,Искусство костюма и текстиля
Бакалавриат,Искусство и культура,54.00.00,Изобразительное и прикладные виды искусств,54.03.04,Реставрация
Бакалавриат,Искусство и культура,54.00.00,Изобразительное и прикладные виды искусств,54.03.05,Традиционное прикладное искусство
Специалитет,Математические и естественные науки,01.00.00,Математика и механика,01.05.01,Фундаментальные математика и механика
Специалитет,Математические и естественные науки,03.00.00,Физика и астрономия,03.05.01,Астрономия
Специалитет,Математические и естественные науки,03.00.00,Физика и астрономия,03.05.02,Фундаментальная и прикладная физика
Специалитет,Математические и естественные науки,04.00.00,Химия,04.05.01,Фундаментальная и прикладная химия
Специалитет,Математические и естественные науки,06.00.00,Биологические науки,06.05.01,Биоинженерия и биоинформатика
Специалитет,Математические и естественные науки,06.00.00,Биологические науки,06.05.02,Фундаментальная и прикладная биология
Специалитет,"Инженерное дело, технологии и технические науки",08.00.00,Техника и технологии строительства,08.05.01,Строительство уникальных зданий и сооружений
Специалитет,"Инженерное дело, технологии и технические науки",08.00.00,Техника и технологии строительства,08.05.02,"Строительство, эксплуатация, восстановление и техническое прикрытие автомобильных дорог, мостов и тоннелей"
Специалитет,"Инженерное дело, технологии и технические науки",10.00.00,Информационная безопасность,10.05.01,Компьютерная безопасность
Специалитет,"Инженерное дело, технологии и технические науки",10.00.00,Информационная безопасность,10.05.02,Информационная безопасность телекоммуникационных систем
Специалитет,"Инженерное дело, технологии и технические науки",10.00.00,Информационная безопасность,10.05.03,Информационная безопасность автоматизированных систем
Специалитет,"Инженерное дело, технологии и технические науки",10.00.00,Информационная безопасность,10.05.04,Информационно-аналитические системы безопасности
Специалитет,"Инженерное дело, технологии и технические науки",10.00.00,Информационная безопасность,10.05.05,Безопасность информационных технологий в правоохранительной сфере
Специалитет,"Инженерное дело, технологии и технические науки",11.00.00,"Электроника, радиотехника и системы связи",11.05.01,Радиоэлектронные системы и комплексы
Специалитет,"Инженерное дело, технологии и технические науки",11.00.00,"Электроника, радиотехника и системы связи",11.05.02,Специальные радиотехнические системы
Специалитет,"Инженерное дело, технологии и технические науки",12.00.00,"Фотоника, приборостроение, оптические и биотехнические системы и технологии",12.05.01,Электронные и оптико-электронные приборы и системы специального назначения
Специалитет,"Инженерное дело, технологии и технические науки",14.00.00,Ядерная энергетика и технологии,14.05.01,Ядерные реакторы и материалы
Специалитет,"Инженерное дело, технологии и технические науки",14.00.00,Ядерная энергетика и технологии,14.05.02,"Атомные станции: проектирование, эксплуатация и инжиниринг"
Специалитет,"Инженерное дело, технологии и технические науки",14.00.00,Ядерная энергетика и технологии,14.05.03,Технологии разделения изотопов и ядерное топливо
Специалитет,"Инженерное дело, технологии и технические науки",15.00.00,Машиностроение,15.05.01,Проектирование технологических машин и комплексов
Специалитет,"Инженерное дело, технологии и технические науки",16.00.00,Физико-технические науки и технологии,16.05.01,Специальные системы жизнеобеспечения
Специалитет,"Инженерное дело, технологии и технические науки",17.00.00,Оружие и системы вооружения,17.05.01,Боеприпасы и взрыватели
Специалитет,"Инженерное дело, технологии и технические науки",17.00.00,Оружие и системы вооружения,17.05.02,"Стрелково-пушечное, артиллерийское и ракетное оружие"
Специалитет,"Инженерное дело, технологии и технические науки",17.00.00,Оружие и системы вооружения,17.05.03,"Проектирование, производство и испытание корабельного вооружения и информационно-управляющих систем"
Специалитет,"Инженерное дело, технологии и технические науки",18.00.00,Химические технологии,18.05.01,Химическая технология энергонасыщенных материалов и изделий
Специалитет,"Инженерное дело, технологии и технические науки",18.00.00,Химические технологии,18.05.02,Химическая технология материалов современной энергетики
Специалитет,"Инженерное дело, технологии и технические науки",20.00.00,Техносферная безопасность и природообустройство,20.05.01,Пожарная безопасность
Специалитет,"Инженерное дело, технологии и технические науки",21.00.00,"Прикладная геология, горное дело, нефтегазовое дело и геодезия",21.05.01,Прикладная геодезия
Специалитет,"Инженерное дело, технологии и технические науки",21.00.00,"Прикладная геология, горное дело, нефтегазовое дело и геодезия",21.05.02,Прикладная геология
Специалитет,"Инженерное дело, технологии и технические науки",21.00.00,"Прикладная геология, горное дело, нефтегазовое дело и геодезия",21.05.03,Технология геологической разведки
Специалитет,"Инженерное дело, технологии и технические науки",21.00.00,"Прикладная геология, горное дело, нефтегазовое дело и геодезия",21.05.04,Горное дело
Специалитет,"Инженерное дело, технологии и технические науки",21.00.00,"Прикладная геология, горное дело, нефтегазовое дело и геодезия",21.05.05,Физические процессы горного или нефтегазового производства
Специалитет,"Инженерное дело, технологии и технические науки",21.00.00,"Прикладная геология, горное дело, нефтегазовое дело и геодезия",21.05.06,Нефтегазовые техника и технологии
Специалитет,"Инженерное дело, технологии и технические науки",23.00.00,Техника и технологии наземного транспорта,23.05.01,Наземные транспортно-технологические средства
Специалитет,"Инженерное дело, технологии и технические науки",23.00.00,Техника и технологии наземного транспорта,23.05.02,Транспортные средства специального назначения
Специалитет,"Инженерное дело, технологии и технические науки",23.00.00,Техника и технологии наземного транспорта,23.05.03,Подвижной состав железных дорог
Специалитет,"Инженерное дело, технологии и технические науки",23.00.00,Техника и технологии наземного транспорта,23.05.04,Эксплуатация железных дорог
Специалитет,"Инженерное дело, технологии и технические науки",23.00.00,Техника и технологии наземного транспорта,23.05.05,Системы обеспечения движения поездов
Специалитет,"Инженерное дело, технологии и технические науки",23.00.00,Техника и технологии наземного транспорта,23.05.06,"Строительство железных дорог, мостов и транспортных тоннелей"
Специалитет,"Инженерное дело, технологии и технические науки",24.00.00,Авиационная и ракетно-космическая техника,24.05.01,"Проектирование, производство и эксплуатация ракет и ракетно-космических комплексов"
Специалитет,"Инженерное дело, технологии и технические науки",24.00.00,Авиационная и ракетно-космическая техника,24.05.02,Проектирование авиационных и ракетных двигателей
Специалитет,"Инженерное дело, технологии и технические науки",24.00.00,Авиационная и ракетно-космическая техника,24.05.03,Испытание летательных аппаратов
Специалитет,"Инженерное дело, технологии и технические науки",24.00.00,Авиационная и ракетно-космическая техника,24.05.04,Навигационно-баллистическое обеспечение применения космической техники
Специалитет,"Инженерное дело, технологии и технические науки",24.00.00,Авиационная и ракетно-космическая техника,24.05.05,Интегрированные системы летательных аппаратов
Специалитет,"Инженерное дело, технологии и технические науки",24.00.00,Авиационная и ракетно-космическая техника,24.05.06,Системы управления летательными аппаратами
Специалитет,"Инженерное дело, технологии и технические науки",24.00.00,Авиационная и ракетно-космическая техника,24.05.07,Самолето- и вертолетостроение
Специалитет,"Инженерное дело, технологии и технические науки",25.00.00,Аэронавигация и эксплуатация авиационной и ракетно-космической техники,25.05.01,Техническая эксплуатация и восстановление боевых летательных аппаратов и двигателей
Специалитет,"Инженерное дело, технологии и технические науки",25.00.00,Аэронавигация и эксплуатация авиационной и ракетно-космической техники,25.05.02,Техническая эксплуатация и восстановление электросистем и пилотажно-навигационных комплексов боевых летательных аппаратов
Специалитет,"Инженерное дело, технологии и технические науки",25.00.00,Аэронавигация и эксплуатация авиационной и ракетно-космической техники,25.05.03,Техническая эксплуатация транспортного радиооборудования
Специалитет,"Инженерное дело, технологии и технические науки",25.00.00,Аэронавигация и эксплуатация авиационной и ракетно-космической техники,25.05.04,Летная эксплуатация и применение авиационных комплексов
Специалитет,"Инженерное дело, технологии и технические науки",25.00.00,Аэронавигация и эксплуатация авиационной и ракетно-космической техники,25.05.05,Эксплуатация воздушных судов и организация воздушного движения
Специалитет,"Инженерное дело, технологии и технические науки",26.00.00,Техника и технологии кораблестроения и водного транспорта,26.05.01,"Проектирование и постройка кораблей, судов и объектов океанотехники"
Специалитет,"Инженерное дело, технологии и технические науки",26.00.00,Техника и технологии кораблестроения и водного транспорта,26.05.02,"Проектирование, изготовление и ремонт энергетических установок и систем автоматизации кораблей и судов"
Специалитет,"Инженерное дело, технологии и технические науки",26.00.00,Техника и технологии кораблестроения и водного транспорта,26.05.03,"Строительство, ремонт и поисково-спасательное обеспечение надводных кораблей и подводных лодок"
Специалитет,"Инженерное дело, технологии и технические науки",26.00.00,Техника и технологии кораблестроения и водного транспорта,26.05.04,Применение и эксплуатация технических систем надводных кораблей и подводных лодок
Специалитет,"Инженерное дело, технологии и технические науки",26.00.00,Техника и технологии кораблестроения и водного транспорта,26.05.05,Судовождение
Специалитет,"Инженерное дело, технологии и технические науки",26.00.00,Техника и технологии кораблестроения и водного транспорта,26.05.06,Эксплуатация судовых энергетических установок
Специалитет,"Инженерное дело, технологии и технические науки",26.00.00,Техника и технологии кораблестроения и водного транспорта,26.05.07,Эксплуатация судового электрооборудования и средств автоматики
Специалитет,"Инженерное дело, технологии и технические науки",27.00.00,Управление в технических системах,27.05.01,Специальные организационно-технические системы
Специалитет,Здравоохранение и медицинские науки,30.00.00,Фундаментальная медицина,30.05.01,Медицинская биохимия
Специалитет,Здравоохранение и медицинские науки,30.00.00,Фундаментальная медицина,30.05.02,Медицинская биофизика
Специалитет,Здравоохранение и медицинские науки,30.00.00,Фундаментальная медицина,30.05.03,Медицинская кибернетика
Специалитет,Здравоохранение и медицинские науки,31.00.00,Клиническая медицина,31.05.01,Лечебное дело
Специалитет,Здравоохранение и медицинские науки,31.00.00,Клиническая медицина,31.05.02,Педиатрия
Специалитет,Здравоохранение и медицинские науки,31.00.00,Клиническая медицина,31.05.03,Стоматология
Специалитет,Здравоохранение и медицинские науки,31.00.00,Клиническая медицина,31.05.04,Остеопатия
Специалитет,Здравоохранение и медицинские науки,32.00.00,Науки о здоровье и профилактическая медицина,32.05.01,Медико-профилактическое дело
Специалитет,Здравоохранение и медицинские науки,33.00.00,Фармация,33.05.01,Фармация
Специалитет,Сельское хозяйство и сельскохозяйственные науки,36.00.00,Ветеринария и зоотехния,36.05.01,Ветеринария
Специалитет,Науки об обществе,37.00.00,Психологические науки,37.05.01,Клиническая психология
Специалитет,Науки об обществе,37.00.00,Психологические науки,37.05.02,Психология служебной деятельности
Специалитет,Науки об обществе,38.00.00,Экономика и управление,38.05.01,Экономическая безопасность
Специалитет,Науки об обществе,38.00.00,Экономика и управление,38.05.02,Таможенное дело
Специалитет,Науки об обществе,40.00.00,Юриспруденция,40.05.01,Правовое обеспечение национальной безопасности
Специалитет,Науки об обществе,40.00.00,Юриспруденция,40.05.02,Правоохранительная деятельность
Специалитет,Науки об обществе,40.00.00,Юриспруденция,40.05.03,Судебная экспертиза
Специалитет,Науки об обществе,40.00.00,Юриспруденция,40.05.04,Судебная и прокурорская деятельность
Специалитет,Образование и педагогические науки,44.00.00,Образование и педагогические науки,44.05.01,Педагогика и психология девиантного поведения
Специалитет,Гуманитарные науки,45.00.00,Языкознание и литературоведение,45.05.01,Перевод и переводоведение
Специалитет,Искусство и культура,51.00.00,Культуроведение и социокультурные проекты,51.05.01,Звукорежиссура культурно-массовых представлений и концертных программ
Специалитет,Искусство и культура,52.00.00,Сценические искусства и литературное творчество,52.05.01,Актерское искусство
Специалитет,Искусство и культура,52.00.00,Сценические искусства и литературное творчество,52.05.02,Режиссура театра
Специалитет,Искусство и культура,52.00.00,Сценические искусства и литературное творчество,52.05.03,Сценография
Специалитет,Искусство и культура,52.00.00,Сценические искусства и литературное творчество,52.05.04,Литературное творчество
Специалитет,Искусство и культура,52.00.00,Сценические искусства и литературное творчество,52.05.05,Актерское искусство в музыкальном театре
Специалитет,Искусство и культура,53.00.00,Музыкальное искусство,53.05.01,Искусство концертного исполнительства
Специалитет,Искусство и культура,53.00.00,Музыкальное искусство,53.05.02,Художественное руководство оперно-симфоническим оркестром и академическим хором
Специалитет,Искусство и культура,53.00.00,Музыкальное искусство,53.05.03,Музыкальная звукорежиссура
Специалитет,Искусство и культура,53.00.00,Музыкальное искусство,53.05.04,Музыкально-театральное искусство
Специалитет,Искусство и культура,53.00.00,Музыкальное искусство,53.05.05,Музыковедение
Специалитет,Искусство и культура,53.00.00,Музыкальное искусство,53.05.06,Композиция
Специалитет,Искусство и культура,53.00.00,Музыкальное искусство,53.05.07,Дирижирование военным духовым оркестром
Специалитет,Искусство и культура,54.00.00,Изобразительное и прикладные виды искусств,54.05.01,Монументально-декоративное искусство
Специалитет,Искусство и культура,54.00.00,Изобразительное и прикладные виды искусств,54.05.02,Живопись
Специалитет,Искусство и культура,54.00.00,Изобразительное и прикладные виды искусств,54.05.03,Графика
Специалитет,Искусство и культура,54.00.00,Изобразительное и прикладные виды искусств,54.05.04,Скульптура
Специалитет,Искусство и культура,54.00.00,Изобразительное и прикладные виды искусств,54.05.05,Живопись и изящные искусства
Специалитет,Искусство и культура,55.00.00,Экранные искусства,55.05.01,Режиссура кино и телевидения
Специалитет,Искусство и культура,55.00.00,Экранные искусства,55.05.02,Звукорежиссура аудиовизуальных искусств
Специалитет,Искусство и культура,55.00.00,Экранные искусства,55.05.03,Кинооператорство
Специалитет,Искусство и культура,55.00.00,Экранные искусства,55.05.04,Продюсерство
Специалитет,Искусство и культура,55.00.00,Экранные искусства,55.05.05,Киноведение
Магистратура,Математические и естественные науки,01.00.00,Математика и механика,01.04.01,Математика
Магистратура,Математические и естественные науки,01.00.00,Математика и механика,01.04.02,Прикладная математика и информатика
Магистратура,Математические и естественные науки,01.00.00,Математика и механика,01.04.03,Механика и математическое моделирование
Магистратура,Математические и естественные науки,01.00.00,Математика и механика,01.04.04,Прикладная математика
Магистратура,Математические и естественные науки,01.00.00,Математика и механика,01.04.05,Статистика
Магистратура,Математические и естественные науки,02.00.00,Компьютерные и информационные науки,02.04.01,Математика и компьютерные науки
Магистратура,Математические и естественные науки,02.00.00,Компьютерные и информационные науки,02.04.02,Фундаментальная информатика и информационные технологии
Магистратура,Математические и естественные науки,02.00.00,Компьютерные и информационные науки,02.04.03,Математическое обеспечение и администрирование информационных систем
Магистратура,Математические и естественные науки,03.00.00,Физика и астрономия,03.04.01,Прикладные математика и физика
Магистратура,Математические и естественные науки,03.00.00,Физика и астрономия,03.04.02,Физика
Магистратура,Математические и естественные науки,03.00.00,Физика и астрономия,03.04.03,Радиофизика
Магистратура,Математические и естественные науки,04.00.00,Химия,04.04.01,Химия
Магистратура,Математические и естественные науки,04.00.00,Химия,04.04.02,"Химия, физика и механика материалов"
Магистратура,Математические и естественные науки,05.00.00,Науки о земле,05.04.01,Геология
Магистратура,Математические и естественные науки,05.00.00,Науки о земле,05.04.02,География
Магистратура,Математические и естественные науки,05.00.00,Науки о земле,05.04.03,Картография и геоинформатика
Магистратура,Математические и естественные науки,05.00.00,Науки о земле,05.04.04,Гидрометеорология
Магистратура,Математические и естественные науки,05.00.00,Науки о земле,05.04.05,Прикладная гидрометеорология
Магистратура,Математические и естественные науки,05.00.00,Науки о земле,05.04.06,Экология и природопользование
Магистратура,Математические и естественные науки,06.00.00,Биологические науки,06.04.01,Биология
Магистратура,Математические и естественные науки,06.00.00,Биологические науки,06.04.02,Почвоведение
Магистратура,"Инженерное дело, технологии и технические науки",07.00.00,Архитектура,07.04.01,Архитектура
Магистратура,"Инженерное дело, технологии и технические науки",07.00.00,Архитектура,07.04.02,Реконструкция и реставрация архитектурного наследия
Магистратура,"Инженерное дело, технологии и технические науки",07.00.00,Архитектура,07.04.03,Дизайн архитектурной среды
Магистратура,"Инженерное дело, технологии и технические науки",07.00.00,Архитектура,07.04.04,Градостроительство
Магистратура,"Инженерное дело, технологии и технические науки",08.00.00,Техника и технологии строительства,08.04.01,Строительство
Магистратура,"Инженерное дело, технологии и технические науки",09.00.00,Информатика и вычислительная техника,09.04.01,Информатика и вычислительная техника
Магистратура,"Инженерное дело, технологии и технические науки",09.00.00,Информатика и вычислительная техника,09.04.02,Информационные системы и технологии
Магистратура,"Инженерное дело, технологии и технические науки",09.00.00,Информатика и вычислительная техника,09.04.03,Прикладная информатика
Магистратура,"Инженерное дело, технологии и технические науки",09.00.00,Информатика и вычислительная техника,09.04.04,Программная инженерия
Магистратура,"Инженерное дело, технологии и технические науки",10.00.00,Информационная безопасность,10.04.01,Информационная безопасность
Магистратура,"Инженерное дело, технологии и технические науки",11.00.00,"Электроника, радиотехника и системы связи",11.04.01,Радиотехника
Магистратура,"Инженерное дело, технологии и технические науки",11.00.00,"Электроника, радиотехника и системы связи",11.04.02,Инфокоммуникационные технологии и системы связи
Магистратура,"Инженерное дело, технологии и технические науки",11.00.00,"Электроника, радиотехника и системы связи",11.04.03,Конструирование и технология электронных средств
Магистратура,"Инженерное дело, технологии и технические науки",11.00.00,"Электроника, радиотехника и системы связи",11.04.04,Электроника и наноэлектроника
Магистратура,"Инженерное дело, технологии и технические науки",12.00.00,"Фотоника, приборостроение, оптические и биотехнические системы и технологии",12.04.01,Приборостроение
Магистратура,"Инженерное дело, технологии и технические науки",12.00.00,"Фотоника, приборостроение, оптические и биотехнические системы и технологии",12.04.02,Оптотехника
Магистратура,"Инженерное дело, технологии и технические науки",12.00.00,"Фотоника, приборостроение, оптические и биотехнические системы и технологии",12.04.03,Фотоника и оптоинформатика
Магистратура,"Инженерное дело, технологии и технические науки",12.00.00,"Фотоника, приборостроение, оптические и биотехнические системы и технологии",12.04.04,Биотехнические системы и технологии
Магистратура,"Инженерное дело, технологии и технические науки",12.00.00,"Фотоника, приборостроение, оптические и биотехнические системы и технологии",12.04.05,Лазерная техника и лазерные технологии
Магистратура,"Инженерное дело, технологии и технические науки",13.00.00,Электро- и теплоэнергетика,13.04.01,Теплоэнергетика и теплотехника
Магистратура,"Инженерное дело, технологии и технические науки",13.00.00,Электро- и теплоэнергетика,13.04.02,Электроэнергетика и электротехника
Магистратура,"Инженерное дело, технологии и технические науки",13.00.00,Электро- и теплоэнергетика,13.04.03,Энергетическое машиностроение
Магистратура,"Инженерное дело, технологии и технические науки",14.00.00,Ядерная энергетика и технологии,14.04.01,Ядерная энергетика и теплофизика
Магистратура,"Инженерное дело, технологии и технические науки",14.00.00,Ядерная энергетика и технологии,14.04.02,Ядерные физика и технологии
Магистратура,"Инженерное дело, технологии и технические науки",15.00.00,Машиностроение,15.04.01,Машиностроение
Магистратура,"Инженерное дело, технологии и технические науки",15.00.00,Машиностроение,15.04.02,Технологические машины и оборудование
Магистратура,"Инженерное дело, технологии и технические науки",15.00.00,Машиностроение,15.04.03,Прикладная механика
Магистратура,"Инженерное дело, технологии и технические науки",15.00.00,Машиностроение,15.04.04,Автоматизация технологических процессов и производств
Магистратура,"Инженерное дело, технологии и технические науки",15.00.00,Машиностроение,15.04.05,Конструкторско-технологическое обеспечение машиностроительных производств
Магистратура,"Инженерное дело, технологии и технические науки",15.00.00,Машиностроение,15.04.06,Мехатроника и робототехника
Магистратура,"Инженерное дело, технологии и технические науки",16.00.00,Физико-технические науки и технологии,16.04.01,Техническая физика
Магистратура,"Инженерное дело, технологии и технические науки",16.00.00,Физико-технические науки и технологии,16.04.02,Высокотехнологические плазменные и энергетические установки
Магистратура,"Инженерное дело, технологии и технические науки",16.00.00,Физико-технические науки и технологии,16.04.03,"Холодильная, криогенная техника и системы жизнеобеспечения"
Магистратура,"Инженерное дело, технологии и технические науки",17.00.00,Оружие и системы вооружения,17.04.01,Корабельное вооружение
Магистратура,"Инженерное дело, технологии и технические науки",18.00.00,Химические технологии,18.04.01,Химическая технология
Магистратура,"Инженерное дело, технологии и технические науки",18.00.00,Химические технологии,18.04.02,"Энерго- и ресурсосберегающие процессы в химической технологии, нефтехимии и биотехнологии"
Магистратура,"Инженерное дело, технологии и технические науки",19.00.00,Промышленная экология и биотехнологии,19.04.01,Биотехнология
Магистратура,"Инженерное дело, технологии и технические науки",19.00.00,Промышленная экология и биотехнологии,19.04.02,Продукты питания из растительного сырья
Магистратура,"Инженерное дело, технологии и технические науки",19.00.00,Промышленная экология и биотехнологии,19.04.03,Продукты питания животного происхождения
Магистратура,"Инженерное дело, технологии и технические науки",19.00.00,Промышленная экология и биотехнологии,19.04.04,Технология продукции и организация общественного питания
Магистратура,"Инженерное дело, технологии и технические науки",19.00.00,Промышленная экология и биотехнологии,19.04.05,Высокотехнологичные производства пищевых продуктов функционального и специализированного назначения
Магистратура,"Инженерное дело, технологии и технические науки",20.00.00,Техносферная безопасность и природообустройство,20.04.01,Техносферная безопасность
Магистратура,"Инженерное дело, технологии и технические науки",20.00.00,Техносферная безопасность и природообустройство,20.04.02,Природообустройство и водопользование
Магистратура,"Инженерное дело, технологии и технические науки",21.00.00,"Прикладная геология, горное дело, нефтегазовое дело и геодезия",21.04.01,Нефтегазовое дело
Магистратура,"Инженерное дело, технологии и технические науки",21.00.00,"Прикладная геология, горное дело, нефтегазовое дело и геодезия",21.04.02,Землеустройство и кадастры
Магистратура,"Инженерное дело, технологии и технические науки",21.00.00,"Прикладная геология, горное дело, нефтегазовое дело и геодезия",21.04.03,Геодезия и дистанционное зондирование
Магистратура,"Инженерное дело, технологии и технические науки",22.00.00,Технологии материалов,22.04.01,Материаловедение и технологии материалов
Магистратура,"Инженерное дело, технологии и технические науки",22.00.00,Технологии материалов,22.04.02,Металлургия
Магистратура,"Инженерное дело, технологии и технические науки",23.00.00,Техника и технологии наземного транспорта,23.04.01,Технология транспортных процессов
Магистратура,"Инженерное дело, технологии и технические науки",23.00.00,Техника и технологии наземного транспорта,23.04.02,Наземные транспортно-технологические комплексы
Магистратура,"Инженерное дело, технологии и технические науки",23.00.00,Техника и технологии наземного транспорта,23.04.03,Эксплуатация транспортно-технологических машин и комплексов
Магистратура,"Инженерное дело, технологии и технические науки",24.00.00,Авиационная и ракетно-космическая техника,24.04.01,Ракетные комплексы и космонавтика
Магистратура,"Инженерное дело, технологии и технические науки",24.00.00,Авиационная и ракетно-космическая техника,24.04.02,Системы управления движением и навигация
Магистратура,"Инженерное дело, технологии и технические науки",24.00.00,Авиационная и ракетно-космическая техника,24.04.03,Баллистика и гидроаэродинамика
Магистратура,"Инженерное дело, технологии и технические науки",24.00.00,Авиационная и ракетно-космическая техника,24.04.04,Авиастроение
Магистратура,"Инженерное дело, технологии и технические науки",24.00.00,Авиационная и ракетно-космическая техника,24.04.05,Двигатели летательных аппаратов
Магистратура,"Инженерное дело, технологии и технические науки",25.00.00,Аэронавигация и эксплуатация авиационной и ракетно-космической техники,25.04.01,Техническая эксплуатация летательных аппаратов и двигателей
Магистратура,"Инженерное дело, технологии и технические науки",25.00.00,Аэронавигация и эксплуатация авиационной и ракетно-космической техники,25.04.02,Техническая эксплуатация авиационных электросистем и пилотажно-навигационных комплексов
Магистратура,"Инженерное дело, технологии и технические науки",25.00.00,Аэронавигация и эксплуатация авиационной и ракетно-космической техники,25.04.03,Аэронавигация
Магистратура,"Инженерное дело, технологии и технические науки",25.00.00,Аэронавигация и эксплуатация авиационной и ракетно-космической техники,25.04.04,Эксплуатация аэропортов и обеспечение полетов воздушных судов
Магистратура,"Инженерное дело, технологии и технические науки",26.00.00,Техника и технологии кораблестроения и водного транспорта,26.04.01,Управление водным транспортом и гидрографическое обеспечение судоходства
Магистратура,"Инженерное дело, технологии и технические науки",26.00.00,Техника и технологии кораблестроения и водного транспорта,26.04.02,"Кораблестроение, океанотехника и системотехника объектов морской инфраструктуры"
Магистратура,"Инженерное дело, технологии и технические науки",27.00.00,Управление в технических системах,27.04.01,Стандартизация и метрология
Магистратура,"Инженерное дело, технологии и технические науки",27.00.00,Управление в технических системах,27.04.02,Управление качеством
Магистратура,"Инженерное дело, технологии и технические науки",27.00.00,Управление в технических системах,27.04.03,Системный анализ и управление
Магистратура,"Инженерное дело, технологии и технические науки",27.00.00,Управление в технических системах,27.04.04,Управление в технических системах
Магистратура,"Инженерное дело, технологии и технические науки",27.00.00,Управление в технических системах,27.04.05,Инноватика
Магистратура,"Инженерное дело, технологии и технические науки",27.00.00,Управление в технических системах,27.04.06,Организация и управление наукоемкими производствами
Магистратура,"Инженерное дело, технологии и технические науки",27.00.00,Управление в технических системах,27.04.07,Наукоемкие технологии и экономика инноваций
Магистратура,"Инженерное дело, технологии и технические науки",27.00.00,Управление в технических системах,27.04.08,Управление интеллектуальной собственностью
Магистратура,"Инженерное дело, технологии и технические науки",28.00.00,Нанотехнологии и наноматериалы,28.04.01,Нанотехнологии и микросистемная техника
Магистратура,"Инженерное дело, технологии и технические науки",28.00.00,Нанотехнологии и наноматериалы,28.04.02,Наноинженерия
Магистратура,"Инженерное дело, технологии и технические науки",28.00.00,Нанотехнологии и наноматериалы,28.04.03,Наноматериалы
Магистратура,"Инженерное дело, технологии и технические науки",28.00.00,Нанотехнологии и наноматериалы,28.04.04,Наносистемы и наноматериалы
Магистратура,"Инженерное дело, технологии и технические науки",29.00.00,Технологии легкой промышленности,29.04.01,Технология изделий легкой промышленности
Магистратура,"Инженерное дело, технологии и технические науки",29.00.00,Технологии легкой промышленности,29.04.02,Технологии и проектирование текстильных изделий
Магистратура,"Инженерное дело, технологии и технические науки",29.00.00,Технологии легкой промышленности,29.04.03,Технология полиграфического и упаковочного производства
Магистратура,"Инженерное дело, технологии и технические науки",29.00.00,Технологии легкой промышленности,29.04.04,Технология художественной обработки материалов
Магистратура,"Инженерное дело, технологии и технические науки",29.00.00,Технологии легкой промышленности,29.04.05,Конструирование изделий легкой промышленности
Магистратура,Здравоохранение и медицинские науки,32.00.00,Науки о здоровье и профилактическая медицина,32.04.01,Общественное здравоохранение
Магистратура,Здравоохранение и медицинские науки,33.00.00,Фармация,33.04.01,Промышленная фармация
Магистратура,Здравоохранение и медицинские науки,34.00.00,Сестринское дело,34.04.01,Управление сестринской деятельностью
Магистратура,Сельское хозяйство и сельскохозяйственные науки,35.00.00,"Сельское, лесное и рыбное хозяйство",35.04.01,Лесное дело
Магистратура,Сельское хозяйство и сельскохозяйственные науки,35.00.00,"Сельское, лесное и рыбное хозяйство",35.04.02,Технология лесозаготовительных и деревоперерабатывающих производств
Магистратура,Сельское хозяйство и сельскохозяйственные науки,35.00.00,"Сельское, лесное и рыбное хозяйство",35.04.03,Агрохимия и агропочвоведение
Магистратура,Сельское хозяйство и сельскохозяйственные науки,35.00.00,"Сельское, лесное и рыбное хозяйство",35.04.04,Агрономия
Магистратура,Сельское хозяйство и сельскохозяйственные науки,35.00.00,"Сельское, лесное и рыбное хозяйство",35.04.05,Садоводство
Магистратура,Сельское хозяйство и сельскохозяйственные науки,35.00.00,"Сельское, лесное и рыбное хозяйство",35.04.06,Агроинженерия
Магистратура,Сельское хозяйство и сельскохозяйственные науки,35.00.00,"Сельское, лесное и рыбное хозяйство",35.04.07,Водные биоресурсы и аквакультура
Магистратура,Сельское хозяйство и сельскохозяйственные науки,35.00.00,"Сельское, лесное и рыбное хозяйство",35.04.08,Промышленное рыболовство
Магистратура,Сельское хозяйство и сельскохозяйственные науки,35.00.00,"Сельское, лесное и рыбное хозяйство",35.04.09,Ландшафтная архитектура
Магистратура,Сельское хозяйство и сельскохозяйственные науки,35.00.00,"Сельское, лесное и рыбное хозяйство",35.04.10,Гидромелиорация
Магистратура,Сельское хозяйство и сельскохозяйственные науки,36.00.00,Ветеринария и зоотехния,36.04.01,Ветеринарно-санитарная экспертиза
Магистратура,Сельское хозяйство и сельскохозяйственные науки,36.00.00,Ветеринария и зоотехния,36.04.02,Зоотехния
Магистратура,Науки об обществе,37.00.00,Психологические науки,37.04.01,Психология
Магистратура,Науки об обществе,37.00.00,Психологические науки,37.04.02,Конфликтология
Магистратура,Науки об обществе,38.00.00,Экономика и управление,38.04.01,Экономика
Магистратура,Науки об обществе,38.00.00,Экономика и управление,38.04.02,Менеджмент
Магистратура,Науки об обществе,38.00.00,Экономика и управление,38.04.03,Управление персоналом
Магистратура,Науки об обществе,38.00.00,Экономика и управление,38.04.04,Государственное и муниципальное управление
Магистратура,Науки об обществе,38.00.00,Экономика и управление,38.04.05,Бизнес-информатика
Магистратура,Науки об обществе,38.00.00,Экономика и управление,38.04.06,Торговое дело
Магистратура,Науки об обществе,38.00.00,Экономика и управление,38.04.07,Товароведение
Магистратура,Науки об обществе,38.00.00,Экономика и управление,38.04.08,Финансы и кредит
Магистратура,Науки об обществе,38.00.00,Экономика и управление,38.04.09,Государственный аудит
Магистратура,Науки об обществе,38.00.00,Экономика и управление,38.04.10,Жилищное хозяйство и коммунальная инфраструктура
Магистратура,Науки об обществе,39.00.00,Социология и социальная работа,39.04.01,Социология
Магистратура,Науки об обществе,39.00.00,Социология и социальная работа,39.04.02,Социальная работа
Магистратура,Науки об обществе,39.00.00,Социология и социальная работа,39.04.03,Организация работы с молодежью
Магистратура,Науки об обществе,40.00.00,Юриспруденция,40.04.01,Юриспруденция
Магистратура,Науки об обществе,41.00.00,Политические науки и регионоведение,41.04.01,Зарубежное регионоведение
Магистратура,Науки об обществе,41.00.00,Политические науки и регионоведение,41.04.02,Регионоведение России
Магистратура,Науки об обществе,41.00.00,Политические науки и регионоведение,41.04.03,Востоковедение и африканистика
Магистратура,Науки об обществе,41.00.00,Политические науки и регионоведение,41.04.04,Политология
Магистратура,Науки об обществе,41.00.00,Политические науки и регионоведение,41.04.05,Международные отношения
Магистратура,Науки об обществе,41.00.00,Политические науки и регионоведение,41.04.06,Публичная политика
Магистратура,Науки об обществе,42.00.00,Средства массовой информации и информационно-библиотечное дело,42.04.01,Реклама и связи с общественностью
Магистратура,Науки об обществе,42.00.00,Средства массовой информации и информационно-библиотечное дело,42.04.02,Журналистика
Магистратура,Науки об обществе,42.00.00,Средства массовой информации и информационно-библиотечное дело,42.04.03,Издательское дело
Магистратура,Науки об обществе,42.00.00,Средства массовой информации и информационно-библиотечное дело,42.04.04,Телевидение
Магистратура,Науки об обществе,42.00.00,Средства массовой информации и информационно-библиотечное дело,42.04.05,Медиакоммуникации
Магистратура,Науки об обществе,43.00.00,Сервис и туризм,43.04.01,Сервис
Магистратура,Науки об обществе,43.00.00,Сервис и туризм,43.04.02,Туризм
Магистратура,Науки об обществе,43.00.00,Сервис и туризм,43.04.03,Гостиничное дело
Магистратура,Образование и педагогические науки,44.00.00,Образование и педагогические науки,44.04.01,Педагогическое образование
Магистратура,Образование и педагогические науки,44.00.00,Образование и педагогические науки,44.04.02,Психолого-педагогическое образование
Магистратура,Образование и педагогические науки,44.00.00,Образование и педагогические науки,44.04.03,Специальное (дефектологическое) образование
Магистратура,Образование и педагогические науки,44.00.00,Образование и педагогические науки,44.04.04,Профессиональное обучение (по отраслям)
Магистратура,Гуманитарные науки,45.00.00,Языкознание и литературоведение,45.04.01,Филология
Магистратура,Гуманитарные науки,45.00.00,Языкознание и литературоведение,45.04.02,Лингвистика
Магистратура,Гуманитарные науки,45.00.00,Языкознание и литературоведение,45.04.03,Фундаментальная и прикладная лингвистика
Магистратура,Гуманитарные науки,45.00.00,Языкознание и литературоведение,45.04.04,Интеллектуальные системы в гуманитарной среде
Магистратура,Гуманитарные науки,46.00.00,История и археология,46.04.01,История
Магистратура,Гуманитарные науки,46.00.00,История и археология,46.04.02,Документоведение и архивоведение
Магистратура,Гуманитарные науки,46.00.00,История и археология,46.04.03,Антропология и этнология
Магистратура,Гуманитарные науки,46.00.00,История и археология,46.04.04,Археология
Магистратура,Гуманитарные науки,47.00.00,"Философия, этика и религиоведение",47.04.01,Философия
Магистратура,Гуманитарные науки,47.00.00,"Философия, этика и религиоведение",47.04.02,Прикладная этика
Магистратура,Гуманитарные науки,47.00.00,"Философия, этика и религиоведение",47.04.03,Религиоведение
Магистратура,Гуманитарные науки,48.00.00,Теология,48.04.01,Теология
Магистратура,Гуманитарные науки,49.00.00,Физическая культура и спорт,49.04.01,Физическая культура
Магистратура,Гуманитарные науки,49.00.00,Физическая культура и спорт,49.04.02,Физическая культура для лиц с отклонениями в состоянии здоровья (адаптивная физическая культура)
Магистратура,Гуманитарные науки,49.00.00,Физическая культура и спорт,49.04.03,Спорт
Магистратура,Искусство и культура,50.00.00,Искусствознание,50.04.01,Искусства и гуманитарные науки
Магистратура,Искусство и культура,50.00.00,Искусствознание,50.04.02,Изящные искусства
Магистратура,Искусство и культура,50.00.00,Искусствознание,50.04.03,История искусств
Магистратура,Искусство и культура,50.00.00,Искусствознание,50.04.04,Теория и история искусств
Магистратура,Искусство и культура,51.00.00,Культуроведение и социокультурные проекты,51.04.01,Культурология
Магистратура,Искусство и культура,51.00.00,Культуроведение и социокультурные проекты,51.04.02,Народная художественная культура
Магистратура,Искусство и культура,51.00.00,Культуроведение и социокультурные проекты,51.04.03,Социально-культурная деятельность
Магистратура,Искусство и культура,51.00.00,Культуроведение и социокультурные проекты,51.04.04,Музеология и охрана объектов культурного и природного наследия
Магистратура,Искусство и культура,51.00.00,Культуроведение и социокультурные проекты,51.04.05,Режиссура театрализованных представлений и праздников
Магистратура,Искусство и культура,51.00.00,Культуроведение и социокультурные проекты,51.04.06,Библиотечно-информационная деятельность
Магистратура,Искусство и культура,52.00.00,Сценические искусства и литературное творчество,52.04.01,Хореографическое искусство
Магистратура,Искусство и культура,52.00.00,Сценические искусства и литературное творчество,52.04.02,Драматургия
Магистратура,Искусство и культура,52.00.00,Сценические искусства и литературное творчество,52.04.03,Театральное искусство
Магистратура,Искусство и культура,53.00.00,Музыкальное искусство,53.04.01,Музыкально-инструментальное искусство
Магистратура,Искусство и культура,53.00.00,Музыкальное искусство,53.04.02,Вокальное искусство
Магистратура,Искусство и культура,53.00.00,Музыкальное искусство,53.04.03,Искусство народного пения
Магистратура,Искусство и культура,53.00.00,Музыкальное искусство,53.04.04,Дирижирование
Магистратура,Искусство и культура,53.00.00,Музыкальное искусство,53.04.05,Искусство
Магистратура,Искусство и культура,53.00.00,Музыкальное искусство,53.04.06,Музыкознание и музыкально-прикладное искусство
Магистратура,Искусство и культура,54.00.00,Изобразительное и прикладные виды искусств,54.04.01,Дизайн
Магистратура,Искусство и культура,54.00.00,Изобразительное и прикладные виды искусств,54.04.02,Декоративно-прикладное искусство и народные промыслы
Магистратура,Искусство и культура,54.00.00,Изобразительное и прикладные виды искусств,54.04.03,Искусство костюма и текстиля
Магистратура,Искусство и культура,54.00.00,Изобразительное и прикладные виды искусств,54.04.04,Реставрация
Магистратура,Искусство и культура,54.00.00,Изобразительное и прикладные виды искусств,54.04.05,Традиционное прикладное искусство
